location,locationID,dhbRegion,pfizerAvailabilityDate,pfizerAvailabilityDateFlag,adhoc,lng,lat,astrazenecaAvailabilityDate,astrazenecaAvailabilityDateFlag
Hart’s Pharmacy Warkworth,a0R4a000000Wn5dEAC,Auckland,2021-12-23,ONE_TO_SEVEN,False,174.664276825,-36.39760502,,
Northcross Pharmacy,a0R4a000000Tg85EAC,Auckland,2022-02-01,TWENTYNINE_OR_MORE,False,174.728211167,-36.709338254,,
Healthcare Pharmacy Rosedale,a0R4a000000Tqy4EAC,Auckland,2021-12-23,ONE_TO_SEVEN,False,174.7251961,-36.7365385,,
Sunnynook Medical Centre,a0R4a000000WHlEEAW,Auckland,2021-12-23,ONE_TO_SEVEN,False,174.740871334,-36.759409751,,
Pharmacy On Shakespeare,a0R4a000000WCmxEAG,Auckland,2021-12-22,ONE_TO_SEVEN,False,174.753526875,-36.781595205,,
Life Pharmacy Glenfield,a0R4a000000Tr8iEAC,Auckland,2021-12-22,ONE_TO_SEVEN,False,174.722093952,-36.782391567,,
Waiheke Medical Centre,a0R4a000000QD00EAG,Auckland,2021-12-22,ONE_TO_SEVEN,False,175.0110032,-36.7836872,,
Medplus Lake Road,a0R4a000000Tc5UEAS,Auckland,2022-01-14,FIFTEEN_TO_TWENTYEIGHT,False,174.779169531,-36.796847125,,
Devonport Pharmacy,a0R4a000000TfnsEAC,Auckland,2021-12-22,ONE_TO_SEVEN,False,174.7971905,-36.8310738,,
The Doctors QuayMed - Wynyard,a0R4a000000W8X8EAK,Auckland,2021-12-22,ONE_TO_SEVEN,False,174.755004422,-36.844568068,,
Herne Bay Pharmacy,a0R4a000000WnHlEAK,Auckland,2022-02-01,TWENTYNINE_OR_MORE,False,174.735271869,-36.845578244,,
The Doctors QuayMed - Britomart,a0R4a000000TfUZEA0,Auckland,2021-12-22,ONE_TO_SEVEN,False,174.774350069,-36.847645751,,
Caring Clinic Doctors,a0R4a000000TbV9EAK,Auckland,2021-12-23,ONE_TO_SEVEN,False,174.765387962,-36.847990474,,
Unichem Ponsonby Three Lamps Pharmacy,a0R4a000000V8xOEAS,Auckland,2021-12-22,ONE_TO_SEVEN,False,174.74418532,-36.848033013,,
Mission Bay Doctors,a0R4a000000USVWEA4,Auckland,2021-12-23,ONE_TO_SEVEN,False,174.83041224,-36.848407721,,
St Heliers Medical Centre,a0R4a000000VTaHEAW,Auckland,2021-12-22,ONE_TO_SEVEN,False,174.858641946,-36.850335119,,
Unichem Queen Street Pharmacy,a0R4a000000Trv4EAC,Auckland,2021-12-22,ONE_TO_SEVEN,False,174.7649277,-36.8504707,,
Unichem Campus Pharmacy,a0R4a000000UOtYEAW,Auckland,2021-12-22,ONE_TO_SEVEN,False,174.769609933,-36.852248252,,
Home Pharmacy,a0R4a000000VSIgEAO,Auckland,2021-12-22,ONE_TO_SEVEN,False,174.732036251,-36.854918184,,
The Auckland City Pharmacy,a0R4a000000VSPyEAO,Auckland,2021-12-22,ONE_TO_SEVEN,False,174.761778304,-36.856127867,,
Newton Pharmacy Sport and Health,a0R4a000000Z53PEAS,Auckland,2021-12-28,ONE_TO_SEVEN,True,174.757919269,-36.856693632,,
The Auckland City Doctors - AstraZeneca,a0R4a000000aCohEAE,Auckland,,,False,174.761580476,-36.857028267,2021-12-23,ONE_TO_SEVEN
Newton Medical Centre,a0R4a000000XAb9EAG,Auckland,2022-01-06,FIFTEEN_TO_TWENTYEIGHT,False,174.756921269,-36.857648852,,
Auckland City Hospital Pharmacy,a0R4a000000ZwP1EAK,Auckland,2021-12-22,ONE_TO_SEVEN,True,174.770499269,-36.860648872,,
Eastmed Doctors,a0R4a000000Uw0TEAS,Auckland,2021-12-22,ONE_TO_SEVEN,False,174.858799642,-36.861470518,,
EastMED Pharmacy,a0R4a000000W1ofEAC,Auckland,2021-12-22,ONE_TO_SEVEN,False,174.858842558,-36.861470518,,
Medicines To Midnight,a0R4a000000WnM7EAK,Auckland,2021-12-22,ONE_TO_SEVEN,False,174.778230361,-36.868037537,,
Newmarket Medical Centre,a0R4a000000WfpcEAC,Auckland,2022-01-12,FIFTEEN_TO_TWENTYEIGHT,False,174.777652241,-36.869055163,,
Unichem Broadway Pharmacy,a0R4a000000VueiEAC,Auckland,2021-12-22,ONE_TO_SEVEN,False,174.777652732,-36.869071334,,
Life Pharmacy Newmarket,a0R4a000000WeB3EAK,Auckland,2021-12-22,ONE_TO_SEVEN,False,174.776930742,-36.869100203,,
Dominion Road Surgery,a0R4a000000XM30EAG,Auckland,2021-12-22,ONE_TO_SEVEN,False,174.751984084,-36.872406767,,
Auckland Family Medical Centre,a0R4a000000XKRMEA4,Auckland,2021-12-22,ONE_TO_SEVEN,False,174.781668918,-36.872799631,,
Local Doctors Glen Innes,a0R4a000000VrU0EAK,Auckland,2021-12-22,ONE_TO_SEVEN,False,174.856436755,-36.878680552,,
Life Pharmacy Remuera,a0R4a000000VscQEAS,Auckland,2021-12-22,ONE_TO_SEVEN,False,174.79643083,-36.880412577,,
Remuera Medical Centre,a0R4a000000W1ECEA0,Auckland,2021-12-23,ONE_TO_SEVEN,False,174.798010833,-36.880670207,,
Unichem Marina Pharmacy,a0R4a000000TgDLEA0,Auckland,2021-12-22,ONE_TO_SEVEN,False,174.899091825,-36.880784752,,
Unichem West City,a0R4a000000Wo1UEAS,Auckland,2021-12-22,ONE_TO_SEVEN,False,174.6325246,-36.8808089,,
Tamaki (Glen Innes) Vaccination Centre,a0R4a000000QCsmEAG,Auckland,2021-12-22,ONE_TO_SEVEN,False,174.8516079,-36.881665,,
St Lukes Medical Pharmacy,a0R4a000000YFvMEAW,Auckland,2021-12-22,ONE_TO_SEVEN,True,174.731425427,-36.881891922,,
Tamaki (Glen Innes) Vaccination Centre - AstraZeneca,a0R4a000000Zo9xEAC,Auckland,,,False,174.85077,-36.88234,2021-12-22,ONE_TO_SEVEN
Life Pharmacy St Lukes,a0R4a000000TfxiEAC,Auckland,2021-12-22,ONE_TO_SEVEN,False,174.7340661,-36.8834693,,
Chemist Warehouse St Lukes,a0R4a000000SzPtEAK,Auckland,2021-12-22,ONE_TO_SEVEN,False,174.7308423,-36.8841134,,
Assist Healthcare ,a0R4a000000ZlkjEAC,Auckland,2022-02-10,TWENTYNINE_OR_MORE,False,174.716322954,-36.884265875,,
St Lukes Medical Centre,a0R4a000000UegwEAC,Auckland,2021-12-22,ONE_TO_SEVEN,False,174.735630085,-36.885105939,,
Unichem Lunn Ave Pharmacy,a0R4a000000XupZEAS,Auckland,2021-12-22,ONE_TO_SEVEN,False,174.830872276,-36.888465099,,
Balmoral Pharmacy,a0R4a000000TxyzEAC,Auckland,2021-12-22,ONE_TO_SEVEN,False,174.7464843,-36.8894746,,
Balmoral Pharmacy - AstraZeneca,a0R4a000000aHK3EAM,Auckland,,,False,174.7464843,-36.8894746,2022-01-08,FIFTEEN_TO_TWENTYEIGHT
Dr Nicholas Cooper Surgery VC,a0R4a000000XmmQEAS,Auckland,2022-01-10,FIFTEEN_TO_TWENTYEIGHT,False,174.7707884,-36.8913939,,
Unichem Sandringham Pharmacy,a0R4a000000XQM4EAO,Auckland,2021-12-22,ONE_TO_SEVEN,False,174.736113396,-36.892027266,,
Rosebank Road Medical Services,a0R4a000000TbSUEA0,Auckland,2021-12-22,ONE_TO_SEVEN,False,174.6968088,-36.8944292,,
Harris Road Pharmacy,a0R4a000000YdDfEAK,Auckland,2021-12-23,ONE_TO_SEVEN,False,174.832388785,-36.896308301,,
Avondale Health Centre,a0R4a000000VrLNEA0,Auckland,2021-12-22,ONE_TO_SEVEN,False,174.698958402,-36.898300208,,
Unichem Panmure Pharmacy,a0R4a000000U2BZEA0,Auckland,2021-12-22,ONE_TO_SEVEN,False,174.854560577,-36.898457598,,
Tamaki Family Health Centre,a0R4a000000Ue2fEAC,Auckland,2021-12-22,ONE_TO_SEVEN,True,174.853651923,-36.898749653,,
Unichem Eden Quarter Pharmacy,a0R4a000000VSOZEA4,Auckland,2021-12-22,ONE_TO_SEVEN,False,174.743566,-36.9000346,,
Queens Road Medical Centre Panmure,a0R4a000000V0v2EAC,Auckland,2021-12-23,ONE_TO_SEVEN,False,174.856095133,-36.900177877,,
Stoddard Road Medical Centre - AstraZeneca,a0R4a000000aCX2EAM,Auckland,,,False,174.721102369,-36.900226915,2021-12-22,ONE_TO_SEVEN
Stoddard Road Medical Centre,a0R4a000000V68YEAS,Auckland,2021-12-22,ONE_TO_SEVEN,False,174.721102369,-36.900226915,,
Panmure Medical Centre,a0R4a000000XLWrEAO,Auckland,2022-01-17,FIFTEEN_TO_TWENTYEIGHT,False,174.857326716,-36.900968861,,
SaveMart Pharmacy,a0R4a000000Vv6YEAS,Auckland,2021-12-22,ONE_TO_SEVEN,False,174.742434854,-36.902655841,,
Glenavon Kiwi Chemist,a0R4a000000WnAiEAK,Auckland,2021-12-22,ONE_TO_SEVEN,False,174.701848298,-36.906358633,,
Mt Wellington Vaccination Centre - AstraZeneca,a0R4a000000Zo7REAS,Auckland,,,False,174.8223748,-36.9070683,2022-01-10,FIFTEEN_TO_TWENTYEIGHT
Mt Wellington Vaccination Centre,a0R4a000000Q4qbEAC,Auckland,2021-12-22,ONE_TO_SEVEN,False,174.8223748,-36.9070683,,
Stoddard Rd Local Doctors,a0R4a000000TzZyEAK,Auckland,2021-12-23,ONE_TO_SEVEN,False,174.734103,-36.9076321,,
Unichem Stoddard Road Pharmacy,a0R4a000000WX2nEAG,Auckland,2021-12-29,EIGHT_TO_FOURTEEN,False,174.73345154,-36.907969862,,
Mt Wellington Family Health Centre,a0R4a000000VSjjEAG,Auckland,2021-12-23,ONE_TO_SEVEN,False,174.8346899,-36.9080291,,
"Unichem Neill’s Pharmacy, Mt Wellington Countdown Complex",a0R4a000000SzVDEA0,Auckland,2021-12-22,ONE_TO_SEVEN,False,174.8374327,-36.9088853,,
Unichem Royal Oak Pharmacy,a0R4a000000UtnDEAS,Auckland,2021-12-22,ONE_TO_SEVEN,False,174.775225162,-36.910243292,,
New Windsor Pharmacy,a0R4a000000YaOuEAK,Auckland,2021-12-23,ONE_TO_SEVEN,False,174.716777415,-36.911181471,,
Unichem Richardson Road,a0R4a000000Vv5GEAS,Auckland,2021-12-22,ONE_TO_SEVEN,False,174.727929009,-36.9130026,,
Local Doctors Mt Roskill ,a0R4a000000Y1BIEA0,Auckland,2021-12-22,ONE_TO_SEVEN,False,174.728040825,-36.913055763,,
Chemist Warehouse Sylvia Park,a0R4a000000TfeHEAS,Auckland,2021-12-22,ONE_TO_SEVEN,False,174.8390456,-36.9135747,,
Unichem Mt Smart Pharmacy,a0R4a000000W10oEAC,Auckland,2021-12-22,ONE_TO_SEVEN,False,174.801114,-36.914949056,,
Life Pharmacy Sylvia Park,a0R4a000000Tqu2EAC,Auckland,2021-12-22,ONE_TO_SEVEN,False,174.8410882,-36.9157326,,
Unichem Roskill Village Pharmacy,a0R4a000000Ts5DEAS,Auckland,2021-12-22,ONE_TO_SEVEN,False,174.7362444,-36.9209222,,
Onehunga Family Medical Centre,a0R4a000000V647EAC,Auckland,2021-12-23,ONE_TO_SEVEN,False,174.785878034,-36.922638329,,
The Doctors Onehunga,a0R4a000000WDENEA4,Auckland,2021-12-22,ONE_TO_SEVEN,False,174.783737071,-36.923147473,,
Wecare Family Health Centre,a0R4a000000V199EAC,Auckland,2021-12-22,ONE_TO_SEVEN,True,174.846670389,-36.944296354,,
Lifeline Medical Centre Otahuhu,a0R4a000000SWtSEAW,Auckland,2021-12-22,ONE_TO_SEVEN,False,174.844604,-36.945842,,
Otahuhu Health Centre,a0R4a000000TeQ2EAK,Auckland,2021-12-23,ONE_TO_SEVEN,False,174.845211211,-36.94666174,,
Life Pharmacy Ormiston - Flat Bush,a0R4a000000TrlxEAC,Auckland,2021-12-22,ONE_TO_SEVEN,False,174.913218084,-36.964126029,,
Unichem Mangere East Pharmacy,a0R4a000000TaxkEAC,Auckland,2021-12-22,ONE_TO_SEVEN,False,174.8250674,-36.9664559,,
Flat Bush Medical Centre,a0R4a000000XKIjEAO,Auckland,2022-01-12,FIFTEEN_TO_TWENTYEIGHT,False,174.922961185,-36.974377265,,
ProHealth Manukau Pharmacy,a0R4a000000TsNMEA0,Auckland,2021-12-22,ONE_TO_SEVEN,False,174.878461,-36.9841587,,
Airport Park N Ride,a0R4a000000UbxJEAS,Auckland,2021-12-22,ONE_TO_SEVEN,True,174.7899386,-36.9918234,,
The Airport Doctors,a0R4a000000TegAEAS,Auckland,2022-01-06,FIFTEEN_TO_TWENTYEIGHT,False,174.788192315,-36.995796005,,
Unichem Takanini Pharmacy,a0R4a000000TafPEAS,Auckland,2021-12-22,ONE_TO_SEVEN,False,174.927583,-37.0480177,,
The Capsule Pharmacy,a0R4a000000WoEJEA0,Auckland,2021-12-22,ONE_TO_SEVEN,False,174.951288385,-37.102086603,,
Pukekohe Family Health Care - AstraZeneca,a0R4a000000aClsEAE,Auckland,,,True,174.90025482,-37.200588103,2022-01-11,FIFTEEN_TO_TWENTYEIGHT
Katikati RSA,a0R4a000000UEovEAG,Bay of Plenty,2021-12-22,ONE_TO_SEVEN,False,175.914671737,-37.561298466,,
Kaitiaki Services,a0R4a000000UWLIEA4,Bay of Plenty,2021-12-22,ONE_TO_SEVEN,False,176.184854055,-37.641289371,,
Unichem Cherrywood Pharmacy,a0R4a000000UxGFEA0,Bay of Plenty,2021-12-22,ONE_TO_SEVEN,False,176.140023905,-37.668199647,,
Your Pharmacy Mount Maunganui,a0R4a000000b5uEEAQ,Bay of Plenty,2021-12-22,ONE_TO_SEVEN,False,176.227599798,-37.674241272,,
Life Pharmacy Bayfair Community Vaccination Centre,a0R4a000000VPkSEAW,Bay of Plenty,2021-12-22,ONE_TO_SEVEN,False,176.222781,-37.6750439,,
Epic Health,a0R4a000000aFnYEAU,Bay of Plenty,2022-03-28,TWENTYNINE_OR_MORE,True,176.168787781,-37.680400082,,
Life Pharmacy Tauranga,a0R4a000000TvE1EAK,Bay of Plenty,2021-12-22,ONE_TO_SEVEN,False,176.169161362,-37.685557042,,
First Avenue - Tauranga,a0R4a000000QV8NEAW,Bay of Plenty,2021-12-22,ONE_TO_SEVEN,False,176.1669095,-37.6879193,,
First Avenue - Tauranga - AstraZeneca,a0R4a000000ZoB4EAK,Bay of Plenty,,,False,176.1669095,-37.6879193,2021-12-22,ONE_TO_SEVEN
Unichem Brookfield Pharmacy,a0R4a000000WCejEAG,Bay of Plenty,2021-12-22,ONE_TO_SEVEN,False,176.135163074,-37.689687269,,
Chemist Warehouse Bethlehem,a0R4a000000W8mcEAC,Bay of Plenty,2021-12-22,ONE_TO_SEVEN,False,176.108199379,-37.693125448,,
Unichem Metro Pharmacy Bethlehem,a0R4a000000VQ2vEAG,Bay of Plenty,2021-12-22,ONE_TO_SEVEN,False,176.108811789,-37.694479654,,
Bethlehem Pharmacy Vaccination Centre,a0R4a000000UVFREA4,Bay of Plenty,2021-12-22,ONE_TO_SEVEN,False,176.110287288,-37.695833869,,
Unichem Greerton Pharmacy,a0R4a000000V1hIEAS,Bay of Plenty,2021-12-22,ONE_TO_SEVEN,False,176.1311884,-37.7263589,,
The Crossing Vaccination Centre,a0R4a000000UbHzEAK,Bay of Plenty,2021-12-22,ONE_TO_SEVEN,False,176.106234921,-37.73711619,,
MyPharmacy Te Puke,a0R4a000000aHEyEAM,Bay of Plenty,2021-12-22,ONE_TO_SEVEN,False,176.327562669,-37.784421038,,
Life Pharmacy Te Puke,a0R4a000000Tu4jEAC,Bay of Plenty,2021-12-22,ONE_TO_SEVEN,False,176.328367,-37.7853811,,
Quay Street - Whakatane - AstraZeneca,a0R4a000000ZoBYEA0,Bay of Plenty,,,False,177.000316469,-37.949726815,2021-12-27,ONE_TO_SEVEN
Quay Street - Whakatane,a0R4a000000QVAOEA4,Bay of Plenty,2021-12-22,ONE_TO_SEVEN,False,177.0003272,-37.9499045,,
Unichem Total Health Pharmacy,a0R4a000000TvHwEAK,Bay of Plenty,2021-12-22,ONE_TO_SEVEN,False,176.992838876,-37.95181549,,
Ohope Beach Medical Centre,a0R4a000000Vc9WEAS,Bay of Plenty,2022-01-18,FIFTEEN_TO_TWENTYEIGHT,False,177.058398314,-37.97233832,,
Edgecumbe Pharmacy,a0R4a000000UaqYEAS,Bay of Plenty,2021-12-22,ONE_TO_SEVEN,False,176.827190088,-37.975286642,,
"Town Hall - Ranfurly Court, Kawerau",a0R4a000000ZTFGEA4,Bay of Plenty,2021-12-22,ONE_TO_SEVEN,False,176.702083539,-38.085539271,,
Kaikōura Healthcare,a0R4a000000P71YEAS,Canterbury,2022-01-15,FIFTEEN_TO_TWENTYEIGHT,False,173.6808,-42.4014,,
Stan's 7 Day Pharmacy,a0R4a000000UgFJEA0,Canterbury,2021-12-22,ONE_TO_SEVEN,False,172.595495566,-43.301788429,,
Rangiora Durham Health CBAC,a0R4a000000PrgtEAC,Canterbury,2021-12-22,ONE_TO_SEVEN,False,172.5916671,-43.3025624,,
Rangiora - Life Pharmacy,a0R4a000000ST0gEAG,Canterbury,2021-12-22,ONE_TO_SEVEN,False,172.593583461,-43.303020776,,
Rangiora Unichem Medical Corner,a0R4a000000PrZgEAK,Canterbury,2021-12-22,ONE_TO_SEVEN,False,172.59188,-43.30392,,
Pegasus Medical Centre,a0R4a000000SyDUEA0,Canterbury,2022-01-08,FIFTEEN_TO_TWENTYEIGHT,False,172.6978264,-43.3140461,,
Kaiapoi Family Doctors,a0R4a000000SJuBEAW,Canterbury,2022-01-12,FIFTEEN_TO_TWENTYEIGHT,False,172.658130084,-43.381463547,,
Casebrook Surgery - Northwood Redwood Casebrook,a0R4a000000VC7REAW,Canterbury,2021-12-22,ONE_TO_SEVEN,False,172.595354827,-43.47284964,,
Unichem Prestons Pharmacy,a0R4a000000ST5sEAG,Canterbury,2022-01-11,FIFTEEN_TO_TWENTYEIGHT,False,172.65988,-43.47512,,
100D Orchard Rd - DHB - AstraZeneca Clinic,a0R4a000000ZoCqEAK,Canterbury,,,False,172.5532021,-43.4820285,2021-12-22,ONE_TO_SEVEN
100D Orchard Rd - DHB,a0R4a000000Q4n1EAC,Canterbury,2021-12-22,ONE_TO_SEVEN,False,172.5532021,-43.4820285,,
Christchurch - Chemist Warehouse Papanui,a0R4a000000VXizEAG,Canterbury,2021-12-22,ONE_TO_SEVEN,False,172.606409783,-43.494093709,,
Burwood Pharmacy,a0R4a000000U8ePEAS,Canterbury,2021-12-23,ONE_TO_SEVEN,False,172.6884115,-43.4953819,,
Burnside Medical Centre,a0R4a000000WKRiEAO,Canterbury,2021-12-22,ONE_TO_SEVEN,False,172.5789538,-43.4964042,,
Bryndwr - Unichem Crisps Pharmacy,a0R4a000000ST1yEAG,Canterbury,2021-12-22,ONE_TO_SEVEN,False,172.585936036,-43.499599398,,
Unichem Brighton Village Pharmacy - AstraZeneca Clinic,a0R4a000000ZoDjEAK,Canterbury,,,False,172.72662751,-43.507237584,2021-12-22,ONE_TO_SEVEN
Unichem Brighton Village Pharmacy,a0R4a000000RxcpEAC,Canterbury,2021-12-22,ONE_TO_SEVEN,False,172.72662751,-43.507237584,,
Elmwood Pharmacy,a0R4a000000SPF8EAO,Canterbury,2022-01-18,FIFTEEN_TO_TWENTYEIGHT,True,172.606645701,-43.509774596,,
"Avonhead Pharmacy, Avonhead Shopping Centre",a0R4a000000Sy6YEAS,Canterbury,2021-12-22,ONE_TO_SEVEN,False,172.556973161,-43.51062126,,
Alabaster's Merivale Pharmacy,a0R4a000000ST3GEAW,Canterbury,2021-12-22,ONE_TO_SEVEN,False,172.621834636,-43.512001881,,
Healthworks Pharmacy,a0R4a000000SfIoEAK,Canterbury,2022-01-10,FIFTEEN_TO_TWENTYEIGHT,False,172.580420285,-43.512093124,,
MIHI Māori Mobile - Rehua Marae,a0R4a000000UZ8REAW,Canterbury,2022-01-10,FIFTEEN_TO_TWENTYEIGHT,False,172.632500846,-43.516326615,,
Unichem Eastern Pharmacy,a0R4a000000VXDXEA4,Canterbury,2021-12-22,ONE_TO_SEVEN,False,172.702235787,-43.517488295,,
Fendalton Mall Pharmacy,a0R4a000000SK0nEAG,Canterbury,2022-01-17,FIFTEEN_TO_TWENTYEIGHT,False,172.587839534,-43.51815305,,
Kiwi Pharmacy  (Yaldhurst Health),a0R4a000000UHmtEAG,Canterbury,2021-12-22,ONE_TO_SEVEN,False,172.525213526,-43.518608745,,
Unichem Bealey Ave Pharmacy,a0R4a000000ULtAEAW,Canterbury,2021-12-22,ONE_TO_SEVEN,False,172.641640895,-43.521187078,,
Ngā Hau e Whā Marae Vaccination Clinic,a0R4a000000QLfmEAG,Canterbury,2021-12-22,ONE_TO_SEVEN,False,172.6990161,-43.5213381,,
Woodham Road Pharmacy,a0R4a000000Sc7gEAC,Canterbury,2022-01-11,FIFTEEN_TO_TWENTYEIGHT,True,172.6616573,-43.52470913,,
Riccarton Clinic - Brake Street,a0R4a000000V45oEAC,Canterbury,2021-12-22,ONE_TO_SEVEN,True,172.571698532,-43.52974023,,
Upper Riccarton- Bush Inn Pharmacy,a0R4a000000VqTFEA0,Canterbury,2022-01-19,TWENTYNINE_OR_MORE,True,172.575022461,-43.529883,,
Riccarton Clinic - Weekend Clinic,a0R4a000000UA8SEAW,Canterbury,2022-01-08,FIFTEEN_TO_TWENTYEIGHT,False,172.571893891,-43.529945294,,
Westfield - Life Pharmacy Riccarton,a0R4a000000Sw2IEAS,Canterbury,2022-01-18,FIFTEEN_TO_TWENTYEIGHT,False,172.597421872,-43.531227476,,
Ki te Tihi Hapori Hauora - Eastgate,a0R4a000000QMMLEA4,Canterbury,2021-12-22,ONE_TO_SEVEN,False,172.6749292,-43.5329754,,
Māui Clinic @ South City,a0R4a000000UeS1EAK,Canterbury,2021-12-22,ONE_TO_SEVEN,True,172.635353,-43.5379715,,
Māui Clinic @ South City - AstraZeneca Clinic,a0R4a000000T480EAC,Canterbury,2022-01-09,FIFTEEN_TO_TWENTYEIGHT,False,172.635353,-43.5379715,,
Etu Pasifika,a0R4a000000V2K2EAK,Canterbury,2021-12-22,ONE_TO_SEVEN,False,172.630242462,-43.538250386,,
Riccarton - Chemist Warehouse Blenheim Square,a0R4a000000UftpEAC,Canterbury,2021-12-22,ONE_TO_SEVEN,False,172.587643089,-43.538424271,,
Pharmacy Xtra,a0R4a000000SKF4EAO,Canterbury,2021-12-22,ONE_TO_SEVEN,False,172.6423336,-43.5389159,,
Phoenix Healthcare Group Limited - City Centre,a0R4a000000Ydq4EAC,Canterbury,2022-01-11,FIFTEEN_TO_TWENTYEIGHT,True,172.629942015,-43.540554772,,
Addington Pharmacy,a0R4a000000P74DEAS,Canterbury,2022-01-24,TWENTYNINE_OR_MORE,True,172.613989551,-43.542404045,,
Māui Clinic @ The Hub Hornby,a0R4a000000RxNXEA0,Canterbury,2021-12-22,ONE_TO_SEVEN,False,172.523878,-43.5430439,,
Christchurch Arena Drive Through Site,a0R4a000000SwFcEAK,Canterbury,2021-12-22,ONE_TO_SEVEN,False,172.601320915,-43.545264301,,
Selwyn Village Pharmacy,a0R4a000000Ug7NEAS,Canterbury,2021-12-22,ONE_TO_SEVEN,False,172.622023275,-43.548123557,,
Spreydon - Selwyn Village Healthcare,a0R4a000000U97qEAC,Canterbury,2021-12-23,ONE_TO_SEVEN,True,172.621984373,-43.548235502,,
Unichem Wigram Pharmacy,a0R4a000000ST3zEAG,Canterbury,2021-12-22,ONE_TO_SEVEN,False,172.556776955,-43.552568857,,
Barrington Hub (Barrington Mall),a0R4a000000PwooEAC,Canterbury,2021-12-22,ONE_TO_SEVEN,False,172.620081716,-43.556321795,,
St Martins Pharmacy,a0R4a000000ST28EAG,Canterbury,2021-12-22,ONE_TO_SEVEN,False,172.654530331,-43.557758026,,
Beckenham – Hardings Chemist & Post,a0R4a000000SK7oEAG,Canterbury,2021-12-22,ONE_TO_SEVEN,False,172.636690479,-43.557851624,,
Beckford Health - St Martins,a0R4a000000W7biEAC,Canterbury,2021-12-23,ONE_TO_SEVEN,False,72.655660769,-43.558244156,,
Sumner Pharmacy,a0R4a000000SK4aEAG,Canterbury,2022-01-05,FIFTEEN_TO_TWENTYEIGHT,False,172.7597886,-43.5693765,,
Halswell - Halswell Pharmacy,a0R4a000000ScMwEAK,Canterbury,2021-12-22,ONE_TO_SEVEN,False,172.567664286,-43.574483938,,
Halswell - Halswellhealth,a0R4a000000Sf2HEAS,Canterbury,2022-01-19,TWENTYNINE_OR_MORE,False,172.546261601,-43.578233401,,
Unichem Stantons Pharmacy,a0R4a000000TipCEAS,Canterbury,2022-01-12,FIFTEEN_TO_TWENTYEIGHT,False,172.5658362,-43.5805752,,
Unichem Rolleston Central Pharmacy,a0R4a000000Pd7NEAS,Canterbury,2021-12-22,ONE_TO_SEVEN,False,172.3881549,-43.5949601,,
Lyttelton Pharmacy & Post Centre,a0R4a000000VJSXEA4,Canterbury,2021-12-23,ONE_TO_SEVEN,False,172.721384469,-43.602738384,,
Leeston Medical Centre,a0R4a000000TPWoEAO,Canterbury,2022-01-12,FIFTEEN_TO_TWENTYEIGHT,False,172.2999087,-43.7614443,,
Allenton Pharmacy - Ashburton,a0R4a000000SwFwEAK,Canterbury,2022-01-27,TWENTYNINE_OR_MORE,False,171.74253384,-43.887173996,,
Ashburton - Wises Pharmacy,a0R4a000000VexzEAC,Canterbury,2022-01-17,FIFTEEN_TO_TWENTYEIGHT,True,171.751726408,-43.902647552,,
Ashburton - Life Pharmacy,a0R4a000000Q4nwEAC,Canterbury,2021-12-22,ONE_TO_SEVEN,False,171.7474485,-43.9048303,,
Eastfield Health at former Noel Leeming store,a0R4a000000RelGEAS,Canterbury,2021-12-22,ONE_TO_SEVEN,False,171.749287147,-43.907598501,,
Ashburton - Tinwald War Memorial Hall,a0R4a000000SJyIEAW,Canterbury,2022-02-09,TWENTYNINE_OR_MORE,False,171.719676087,-43.921932567,,
Westbury Pharmacy VC @ the Waikanae Rugby Club,a0R4a000000RxZMEA0,Capital and Coast,2021-12-22,ONE_TO_SEVEN,True,175.051751885,-40.871561857,,
Waikanae Health - Marae Lane,a0R4a000000XFmnEAG,Capital and Coast,2021-12-22,ONE_TO_SEVEN,False,175.06330736,-40.876508043,,
Kapiti Community Vaccination Centre - AstraZeneca,a0R4a000000ZoIFEA0,Capital and Coast,,,False,175.000277,-40.90332,2021-12-24,ONE_TO_SEVEN
Kapiti Community Vaccination Centre,a0R4a000000QD5FEAW,Capital and Coast,2021-12-23,ONE_TO_SEVEN,False,175.000277,-40.90332,,
Pacific Health Plus - Milne Drive,a0R4a000000YmiHEAS,Capital and Coast,2022-02-11,TWENTYNINE_OR_MORE,True,174.997811675,-40.907389485,,
Kapiti Youth Support,a0R4a000000U59JEAS,Capital and Coast,2022-01-18,FIFTEEN_TO_TWENTYEIGHT,False,175.010237746,-40.910144165,,
Life Pharmacy Kapiti Coast,a0R4a000000UEPgEAO,Capital and Coast,2021-12-22,ONE_TO_SEVEN,False,175.005715775,-40.916193501,,
Life Pharmacy Coastlands,a0R4a000000Us7kEAC,Capital and Coast,2021-12-22,ONE_TO_SEVEN,False,175.003428034,-40.91706415,,
Unichem Maidstone Pharmacy,a0R4a000000Xq4yEAC,Capital and Coast,2021-12-22,ONE_TO_SEVEN,False,175.068118835,-41.124574347,,
Porirua City - Lydney Place - AstraZeneca,a0R4a000000ZoFpEAK,Capital and Coast,,,False,174.8414292,-41.1348878,2021-12-22,ONE_TO_SEVEN
Porirua City - Lydney Place,a0R4a000000QCunEAG,Capital and Coast,2021-12-22,ONE_TO_SEVEN,False,174.8414292,-41.1348878,,
Life Pharmacy North City,a0R4a000000VwI4EAK,Capital and Coast,2021-12-22,ONE_TO_SEVEN,False,174.840542931,-41.137178361,,
Pacific Health Plus,a0R4a000000Ymf8EAC,Capital and Coast,2021-12-22,ONE_TO_SEVEN,True,174.865709283,-41.141297226,,
Porirua Union & Community Health Services,a0R4a000000V8rGEAS,Capital and Coast,2021-12-23,ONE_TO_SEVEN,False,174.8648598,-41.1424893,,
Unichem Simon's Pharmacy,a0R4a000000WuvsEAC,Capital and Coast,2021-12-22,ONE_TO_SEVEN,False,174.824743737,-41.1697636,,
Life Pharmacy Johnsonville,a0R4a000000VIOhEAO,Capital and Coast,2021-12-22,ONE_TO_SEVEN,False,174.8055197,-41.2232691,,
Life Pharmacy Johnsonville - AstraZeneca,a0R4a000000ZoMcEAK,Capital and Coast,,,False,174.8055197,-41.2232691,2021-12-24,ONE_TO_SEVEN
Newlands Medical Centre - Reserve,a0R4a000000TEveEAG,Capital and Coast,2021-12-22,ONE_TO_SEVEN,False,174.82183934,-41.223357788,,
Johnsonville Shopping Centre Vaccination Centre,a0R4a000000S45MEAS,Capital and Coast,2021-12-22,ONE_TO_SEVEN,False,174.8059573,-41.2239295,,
Khandallah Presbyterian Church Vaccination Centre,a0R4a000000SdIkEAK,Capital and Coast,2022-01-15,FIFTEEN_TO_TWENTYEIGHT,True,174.791994961,-41.246733129,,
Capital Gateway - AstraZeneca,a0R4a000000ZoErEAK,Capital and Coast,,,False,174.781823563,-41.276568268,2022-01-05,FIFTEEN_TO_TWENTYEIGHT
Capital Gateway,a0R4a000000QD18EAG,Capital and Coast,2021-12-22,ONE_TO_SEVEN,False,174.781810804,-41.276611417,,
Unichem Wellington Central Pharmacy,a0R4a000000TCzEEAW,Capital and Coast,2021-12-22,ONE_TO_SEVEN,False,174.775445646,-41.282654274,,
Karori Mall Vaccination Centre,a0R4a000000QD92EAG,Capital and Coast,2021-12-22,ONE_TO_SEVEN,False,174.7381456,-41.284381,,
Central Wellington Medical VC,a0R4a000000ST3pEAG,Capital and Coast,2021-12-22,ONE_TO_SEVEN,False,174.776716195,-41.285251322,,
Unichem Willis Street - AstraZeneca,a0R4a000000ZoKzEAK,Capital and Coast,,,False,174.775687953,-41.286963925,2021-12-22,ONE_TO_SEVEN
Unichem Willis Street,a0R4a000000SydNEAS,Capital and Coast,2021-12-22,ONE_TO_SEVEN,False,174.775687953,-41.286963925,,
Life Pharmacy Manners St,a0R4a000000T32LEAS,Capital and Coast,2021-12-22,ONE_TO_SEVEN,True,174.775621115,-41.289742818,,
Unichem Cuba Mall,a0R4a000000UUBzEAO,Capital and Coast,2021-12-22,ONE_TO_SEVEN,False,174.77584198,-41.292817794,,
Newtown Mall Unichem Pharmacy - AstraZeneca,a0R4a000000ZoMbEAK,Capital and Coast,,,False,174.780817809,-41.293627187,2022-01-13,FIFTEEN_TO_TWENTYEIGHT
Newtown Mall Unichem Pharmacy,a0R4a000000T3EMEA0,Capital and Coast,2022-01-12,FIFTEEN_TO_TWENTYEIGHT,False,174.77906773,-41.311260663,,
Unichem Miramar Pharmacy,a0R4a000000XAADEA4,Capital and Coast,2021-12-22,ONE_TO_SEVEN,False,174.814939093,-41.316023796,,
Whangaparaoa Medical Centre,a0R4a000000WMzMEAW,Counties Manukau,2021-12-22,ONE_TO_SEVEN,False,174.746976696,-36.636902724,,
The Medication Management Hub,a0R4a000000TqYmEAK,Counties Manukau,2021-12-22,ONE_TO_SEVEN,False,174.7859716,-36.8840195,,
Pohutukawa Coast Pharmacy,a0R4a000000Z6h7EAC,Counties Manukau,2021-12-22,ONE_TO_SEVEN,False,175.009967182,-36.889181329,,
The Doctors Greenlane,a0R4a000000U5pZEAS,Counties Manukau,2021-12-22,ONE_TO_SEVEN,False,174.7937052,-36.8904916,,
Life Pharmacy Howick Village,a0R4a000000U2MIEA0,Counties Manukau,2021-12-22,ONE_TO_SEVEN,False,174.931993892,-36.891481229,,
Crawford Medical at 12b Picton St,a0R4a000000VAvNEAW,Counties Manukau,2022-01-06,FIFTEEN_TO_TWENTYEIGHT,False,174.929904595,-36.892334292,,
Unichem Main Street Pharmacy Howick,a0R4a000000VAmaEAG,Counties Manukau,2021-12-22,ONE_TO_SEVEN,False,174.9305203,-36.8933761,,
Picton Surgery,a0R4a000000TeSSEA0,Counties Manukau,2021-12-22,ONE_TO_SEVEN,False,174.930161211,-36.894257887,,
Howick Health and Medical Centre,a0R4a000000Sz39EAC,Counties Manukau,2021-12-22,ONE_TO_SEVEN,False,174.9229487,-36.8955738,,
Howick House Pharmacy,a0R4a000000ZvzlEAC,Counties Manukau,2021-12-24,ONE_TO_SEVEN,False,174.931317198,-36.89591143,,
Unichem Highland Park Pharmacy,a0R4a000000WNHkEAO,Counties Manukau,2021-12-22,ONE_TO_SEVEN,False,174.907876976,-36.899746335,,
Highland Park Medical,a0R4a000000QD5ZEAW,Counties Manukau,2021-12-22,ONE_TO_SEVEN,False,174.9078565,-36.89988,,
Unichem John Savory Pharmacy,a0R4a000000W12fEAC,Counties Manukau,2021-12-22,ONE_TO_SEVEN,False,174.925773984,-36.902548615,,
DW Family Doctors,a0R4a000000Y0YaEAK,Counties Manukau,2021-12-24,ONE_TO_SEVEN,False,174.874854498,-36.911059726,,
Life Pharmacy Pakuranga,a0R4a000000alHkEAI,Counties Manukau,2021-12-22,ONE_TO_SEVEN,False,174.870747985,-36.911850865,,
Unichem Meadowlands Pharmacy,a0R4a000000V91fEAC,Counties Manukau,2021-12-22,ONE_TO_SEVEN,False,174.9263079,-36.9137107,,
Unichem Pakuranga Pharmacy,a0R4a000000UPd6EAG,Counties Manukau,2021-12-22,ONE_TO_SEVEN,False,174.8731671,-36.9154376,,
Eastside Family Doctors,a0R4a000000X9FpEAK,Counties Manukau,2021-12-22,ONE_TO_SEVEN,True,174.874688945,-36.918131071,,
East Care Urgent Care Clinic,a0R4a000000QD47EAG,Counties Manukau,2021-12-22,ONE_TO_SEVEN,False,174.9127922,-36.9221425,,
Botany Superclinic Pharmacy,a0R4a000000XunJEAS,Counties Manukau,2021-12-22,ONE_TO_SEVEN,False,174.913700235,-36.922376235,,
Botany Terrace Medical Centre,a0R4a000000VvRMEA0,Counties Manukau,2021-12-24,ONE_TO_SEVEN,False,174.912609285,-36.924976054,,
Life Pharmacy Botany,a0R4a000000TqtOEAS,Counties Manukau,2021-12-22,ONE_TO_SEVEN,False,174.913452613,-36.933466336,,
Botany Medical and Urgent Care,a0R4a000000UI7XEAW,Counties Manukau,2021-12-22,ONE_TO_SEVEN,False,174.91125097,-36.933519499,,
Mangere Bridge Pharmacy,a0R4a000000VuwnEAC,Counties Manukau,2021-12-22,ONE_TO_SEVEN,False,174.787440504,-36.940857796,,
Otahuhu 7 Day Chemist,a0R4a000000XQBfEAO,Counties Manukau,2021-12-24,ONE_TO_SEVEN,False,174.840663668,-36.94245613,,
Local Doctors Dannemora,a0R4a000000Y0PsEAK,Counties Manukau,2021-12-22,ONE_TO_SEVEN,False,174.906979782,-36.944956238,,
The Doctors Middlemore ,a0R4a000000Tf8JEAS,Counties Manukau,2021-12-22,ONE_TO_SEVEN,True,174.834234048,-36.956721146,,
Pacific Otara,a0R4a000000OMJgEAO,Counties Manukau,2021-12-22,ONE_TO_SEVEN,False,174.8706227,-36.9594182,,
Pacific Otara - AstraZeneca,a0R4a000000Zo8AEAS,Counties Manukau,,,False,174.8706227,-36.9594182,2022-01-10,FIFTEEN_TO_TWENTYEIGHT
East Tamaki Pharmacy,a0R4a000000XQEPEA4,Counties Manukau,2021-12-23,ONE_TO_SEVEN,False,174.887845685,-36.960925046,,
East Tamaki Local Doctors,a0R4a000000TqKQEA0,Counties Manukau,2021-12-22,ONE_TO_SEVEN,True,174.887823669,-36.961049512,,
Otara Local Doctors,a0R4a000000TZi4EAG,Counties Manukau,2021-12-22,ONE_TO_SEVEN,False,174.874424337,-36.961439708,,
Unichem Bairds Pharmacy,a0R4a000000TaDQEA0,Counties Manukau,2021-12-22,ONE_TO_SEVEN,False,174.872764951,-36.962118525,,
Ormiston Kiwi Chemist,a0R4a000000V8kAEAS,Counties Manukau,2021-12-22,ONE_TO_SEVEN,False,174.913501019,-36.966236268,,
Ormiston Medical Centre,a0R4a000000QD7uEAG,Counties Manukau,2021-12-22,ONE_TO_SEVEN,False,174.9128472,-36.9662822,,
Ormiston Medical Centre - AstraZeneca,a0R4a000000a6xoEAA,Counties Manukau,,,False,174.9128472,-36.9662822,2021-12-23,ONE_TO_SEVEN
Turuki Health Care - Māngere,a0R4a000000Te9kEAC,Counties Manukau,2021-12-23,ONE_TO_SEVEN,False,174.803365449,-36.969186842,,
Local Doctors Airport Oaks,a0R4a000000QD1NEAW,Counties Manukau,2021-12-22,ONE_TO_SEVEN,False,174.7832309,-36.969764,,
Baderdrive Doctors,a0R4a000000QCxGEAW,Counties Manukau,2021-12-22,ONE_TO_SEVEN,False,174.7987954,-36.9697877,,
ProHealth Papatoetoe Pharmacy,a0R4a000000XQZNEA4,Counties Manukau,2021-12-22,ONE_TO_SEVEN,False,174.862155532,-36.970241175,,
Airport Oaks Pharmacy,a0R4a000000XPybEAG,Counties Manukau,2021-12-23,ONE_TO_SEVEN,False,174.785437271,-36.970275508,,
Turuki Health Care - Māngere - AstraZeneca,a0R4a000000aCoSEAU,Counties Manukau,,,True,174.803754412,-36.970473502,2021-12-24,ONE_TO_SEVEN
Local Doctors Mangere Town Centre,a0R4a000000Y1KWEA0,Counties Manukau,2021-12-22,ONE_TO_SEVEN,False,174.798313983,-36.971169945,,
Unichem Mangere Pharmacy,a0R4a000000Xn29EAC,Counties Manukau,2021-12-23,ONE_TO_SEVEN,False,174.798281669,-36.971208237,,
Dawson Rd Local Doctors,a0R4a000000TbuHEAS,Counties Manukau,2021-12-22,ONE_TO_SEVEN,False,174.896056098,-36.976599189,,
Papatoetoe Medical Centre,a0R4a000000Y05cEAC,Counties Manukau,2021-12-23,ONE_TO_SEVEN,False,174.8556631,-36.9796304,,
Papatoetoe Family Doctors - AstraZeneca,a0R4a000000a6thEAA,Counties Manukau,,,False,174.853698909,-36.979670212,2021-12-23,ONE_TO_SEVEN
Papatoetoe Family Doctors,a0R4a000000SWxPEAW,Counties Manukau,2021-12-22,ONE_TO_SEVEN,False,174.853698909,-36.979670212,,
Unichem Papatoetoe Pharmacy,a0R4a000000SX2UEAW,Counties Manukau,2021-12-22,ONE_TO_SEVEN,False,174.853567454,-36.97976341,,
Albahadly Medical,a0R4a000000WMl0EAG,Counties Manukau,2021-12-22,ONE_TO_SEVEN,False,174.883488662,-36.986453311,,
Bakerfield Medical & Urgent Care,a0R4a000000QCynEAG,Counties Manukau,2021-12-22,ONE_TO_SEVEN,False,174.8850542,-36.9888289,,
Bargain Chemist Manukau,a0R4a000000VB4UEAW,Counties Manukau,2021-12-22,ONE_TO_SEVEN,False,174.869646558,-36.990138273,,
Life Pharmacy Manukau,a0R4a000000V15WEAS,Counties Manukau,2021-12-22,ONE_TO_SEVEN,False,174.8822355,-36.9912102,,
Wiri Family Doctors,a0R4a000000Ta0wEAC,Counties Manukau,2022-01-10,FIFTEEN_TO_TWENTYEIGHT,False,174.8893112,-37.0003987,,
Unichem Hillpark Pharmacy,a0R4a000000W19qEAC,Counties Manukau,2021-12-23,ONE_TO_SEVEN,False,174.900370685,-37.013525634,,
Hillpark Family Medical Centre,a0R4a000000Y0G7EAK,Counties Manukau,2021-12-22,ONE_TO_SEVEN,False,174.900543855,-37.013636634,,
Browns RD Local Doctors,a0R4a000000YJ2VEAW,Counties Manukau,2021-12-29,EIGHT_TO_FOURTEEN,False,174.863572998,-37.017862596,,
Manurewa Medical Centre,a0R4a000000SyoLEAS,Counties Manukau,2021-12-23,ONE_TO_SEVEN,False,174.895343607,-37.02055279,,
Unichem Manurewa Pharmacy,a0R4a000000YcziEAC,Counties Manukau,2021-12-24,ONE_TO_SEVEN,False,174.897194811,-37.021819049,,
Southmall Pharmacy,a0R4a000000UeXfEAK,Counties Manukau,2021-12-22,ONE_TO_SEVEN,False,174.8965761,-37.022621,,
"Manurewa Marae - Nau mai, haere mai, noho mai",a0R4a000000OOysEAG,Counties Manukau,2021-12-22,ONE_TO_SEVEN,False,174.8551066,-37.0252237,,
Local Doctors Leabank,a0R4a000000Y0qeEAC,Counties Manukau,2022-01-05,FIFTEEN_TO_TWENTYEIGHT,True,174.887868345,-37.027507647,,
Clendon Discount Pharmacy,a0R4a000000WnDNEA0,Counties Manukau,2021-12-22,ONE_TO_SEVEN,False,174.868048812,-37.032913267,,
Takanini Vaccination Centre,a0R4a000000QCxVEAW,Counties Manukau,2021-12-22,ONE_TO_SEVEN,False,174.9088124,-37.0339054,,
Unichem Gateway Pharmacy,a0R4a000000WNRaEAO,Counties Manukau,2021-12-22,ONE_TO_SEVEN,False,174.915391053,-37.039997162,,
Weymouth Medical Centre ,a0R4a000000Te9GEAS,Counties Manukau,2021-12-22,ONE_TO_SEVEN,False,174.86559213,-37.043022504,,
Unichem Takanini Village Pharmacy,a0R4a000000YdWhEAK,Counties Manukau,2021-12-22,ONE_TO_SEVEN,False,174.932726499,-37.048255872,,
Papakura East Medical Centre,a0R4a000000XKj1EAG,Counties Manukau,2022-01-05,FIFTEEN_TO_TWENTYEIGHT,False,174.953456296,-37.058470688,,
Life Pharmacy Papakura Vaccination Centre,a0R4a000000TPTBEA4,Counties Manukau,2021-12-22,ONE_TO_SEVEN,False,174.941786388,-37.059454303,,
Urban Pharmacy,a0R4a000000W0sLEAS,Counties Manukau,2021-12-22,ONE_TO_SEVEN,False,174.9427795,-37.063726067,,
Unichem Papakura Pharmacy,a0R4a000000ZB56EAG,Counties Manukau,2021-12-22,ONE_TO_SEVEN,False,174.943635869,-37.064636711,,
Papakura Marae Drive Through Vaccination,a0R4a000000TxfIEAS,Counties Manukau,2021-12-22,ONE_TO_SEVEN,False,174.95945854,-37.069760475,,
Ibuy Pharmacy,a0R4a000000WeHpEAK,Counties Manukau,2021-12-22,ONE_TO_SEVEN,False,174.903311327,-37.189442401,,
Seddon Medical,a0R4a000000Vp48EAC,Counties Manukau,2021-12-22,ONE_TO_SEVEN,False,174.905829085,-37.199493092,,
Liddells Pharmacy,a0R4a000000TsTZEA0,Counties Manukau,2021-12-22,ONE_TO_SEVEN,False,174.90288855,-37.199821301,,
Unichem Pukekohe Pharmacy,a0R4a000000V8bDEAS,Counties Manukau,2021-12-22,ONE_TO_SEVEN,False,174.9002466,-37.2007264,,
Pukekohe Vaccination Centre,a0R4a000000QA9NEAW,Counties Manukau,2022-01-24,TWENTYNINE_OR_MORE,False,174.90563,-37.20144,,
Family Health Pharmacy Tuakau,a0R4a000000VsCMEA0,Counties Manukau,2021-12-22,ONE_TO_SEVEN,False,174.946667785,-37.25799355,,
Unichem Tuakau,a0R4a000000We3JEAS,Counties Manukau,2021-12-22,ONE_TO_SEVEN,False,174.9462176,-37.26021651,,
Tuakau Health Centre - AstraZeneca,a0R4a000000aCkzEAE,Counties Manukau,,,False,174.946192676,-37.260404639,2021-12-22,ONE_TO_SEVEN
Wairoa Hospital VC,a0R4a000000Sm1JEAS,Hawke’s Bay,2021-12-22,ONE_TO_SEVEN,False,177.415732555,-39.040931665,,
The Doctors Ahuriri,a0R4a000000YRRKEA4,Hawke’s Bay,2022-01-10,FIFTEEN_TO_TWENTYEIGHT,True,176.896633722,-39.483585011,,
The Doctors Napier,a0R4a000000YRUEEA4,Hawke’s Bay,2021-12-22,ONE_TO_SEVEN,False,176.915167443,-39.493260849,,
Carlyle Medical Centre,a0R4a000000UHP4EAO,Hawke’s Bay,2021-12-22,ONE_TO_SEVEN,False,176.905340998,-39.493354316,,
Te Kupenga Hauora – Ahuriri,a0R4a000000VBXREA4,Hawke’s Bay,2021-12-23,ONE_TO_SEVEN,True,176.9149287,-39.4977793,,
The Doctors Napier at Marist Clubrooms,a0R4a000000T7fKEAS,Hawke’s Bay,2022-01-06,FIFTEEN_TO_TWENTYEIGHT,False,176.860653713,-39.508055649,,
Taradale Club Vaccination Centre - AstraZeneca,a0R4a000000adSWEAY,Hawke’s Bay,,,False,176.857556212,-39.516205916,2021-12-29,EIGHT_TO_FOURTEEN
Taradale Club Vaccination Centre,a0R4a000000PvP1EAK,Hawke’s Bay,2021-12-22,ONE_TO_SEVEN,False,176.857556212,-39.516205916,,
Unichem Pharmacy Greenmeadows,a0R4a000000V1EfEAK,Hawke’s Bay,2022-01-07,FIFTEEN_TO_TWENTYEIGHT,False,176.8685821,-39.5231359,,
The Doctors Greenmeadows,a0R4a000000TmYxEAK,Hawke’s Bay,2022-01-22,TWENTYNINE_OR_MORE,False,176.86643,-39.5232495,,
Glenns Pharmacy Ltd,a0R4a000000V37CEAS,Hawke’s Bay,2022-02-12,TWENTYNINE_OR_MORE,False,176.848408588,-39.535201078,,
Totara Health Flaxmere,a0R4a000000SttFEAS,Hawke’s Bay,2021-12-25,ONE_TO_SEVEN,True,176.782936594,-39.622078902,,
Flaxmere Pharmacy,a0R4a000000aNYAEA2,Hawke’s Bay,2021-12-22,ONE_TO_SEVEN,False,176.787116085,-39.625727636,,
Unichem Stortford Lodge Pharmacy,a0R4a000000TPYBEA4,Hawke’s Bay,2022-01-15,FIFTEEN_TO_TWENTYEIGHT,True,176.8318423,-39.630467791,,
Unichem Hastings Pharmacy,a0R4a000000U3ucEAC,Hawke’s Bay,2022-01-08,FIFTEEN_TO_TWENTYEIGHT,False,176.836703242,-39.636955029,,
Bay Plaza Pharmacy,a0R4a000000YhomEAC,Hawke’s Bay,2021-12-22,ONE_TO_SEVEN,False,176.847115154,-39.639856244,,
Clubs Hastings Vaccination Centre at 307 Albert Street,a0R4a000000SqWLEA0,Hawke’s Bay,2021-12-22,ONE_TO_SEVEN,True,176.8519201,-39.6402215,,
Life Pharmacy Hastings,a0R4a000000U2MmEAK,Hawke’s Bay,2022-01-13,FIFTEEN_TO_TWENTYEIGHT,False,176.842325453,-39.640730866,,
Unichem Russell Street Pharmacy,a0R4a000000UOycEAG,Hawke’s Bay,2021-12-22,ONE_TO_SEVEN,False,176.842834012,-39.642131255,,
Hastings Racecourse Vaccination Centre - AstraZeneca,a0R4a000000adVaEAI,Hawke’s Bay,,,False,176.8330939,-39.6422477,2022-01-13,FIFTEEN_TO_TWENTYEIGHT
Hastings Racecourse Vaccination Centre,a0R4a000000PvKQEA0,Hawke’s Bay,2021-12-23,ONE_TO_SEVEN,False,176.8330939,-39.6422477,,
The Doctors Hastings,a0R4a000000Vvu8EAC,Hawke’s Bay,2022-01-17,FIFTEEN_TO_TWENTYEIGHT,False,176.842809199,-39.642740587,,
Gilmours Havelock North Pharmacy,a0R4a000000VdLzEAK,Hawke’s Bay,2021-12-23,ONE_TO_SEVEN,False,176.876910764,-39.670661284,,
Waipawa Vaccination Centre,a0R4a000000PvSyEAK,Hawke’s Bay,2021-12-29,EIGHT_TO_FOURTEEN,True,176.5802245,-39.9436733,,
Waipawa Vaccination Centre - AstraZeneca,a0R4a000000adWnEAI,Hawke’s Bay,,,True,176.5802245,-39.9436733,2022-01-11,FIFTEEN_TO_TWENTYEIGHT
Waipukurau Drive Through Clinic,a0R4a000000UlCkEAK,Hawke’s Bay,2022-01-15,FIFTEEN_TO_TWENTYEIGHT,True,176.5607147,-39.9930836,,
Unichem Health Centre Upper Hutt,a0R4a000000UblXEAS,Hutt,2021-12-22,ONE_TO_SEVEN,True,175.0728562,-41.1218246,,
Upper Hutt Health Centre,a0R4a000000UeolEAC,Hutt,2021-12-23,ONE_TO_SEVEN,False,175.073343839,-41.121844028,,
Unichem Upper Hutt Pharmacy - AstraZeneca,a0R4a000000ZoItEAK,Hutt,,,False,175.058262654,-41.125395692,2021-12-23,ONE_TO_SEVEN
Unichem Upper Hutt Pharmacy,a0R4a000000SzAKEA0,Hutt,2021-12-22,ONE_TO_SEVEN,True,175.058262654,-41.125395692,,
Heretaunga Christian Centre,a0R4a000000QDQOEA4,Hutt,2021-12-22,ONE_TO_SEVEN,False,175.0634301,-41.1313489,,
Silverstream Pharmacy,a0R4a000000Wv8HEAS,Hutt,2021-12-22,ONE_TO_SEVEN,False,175.012055616,-41.147956546,,
High Street Health Hub,a0R4a000000a0u7EAA,Hutt,2022-01-14,FIFTEEN_TO_TWENTYEIGHT,False,174.916684469,-41.203712143,,
Wellworks Pharmacy Boulcott,a0R4a000000TCyaEAG,Hutt,2021-12-22,ONE_TO_SEVEN,False,174.9277903,-41.204817367,,
218 High Street - AstraZeneca,a0R4a000000ZoFGEA0,Hutt,,,False,174.902136,-41.2087317,2022-01-03,EIGHT_TO_FOURTEEN
218 High Street,a0R4a000000QDUkEAO,Hutt,2021-12-22,ONE_TO_SEVEN,False,174.902136,-41.2087317,,
Life Pharmacy Queensgate,a0R4a000000U7eKEAS,Hutt,2021-12-29,EIGHT_TO_FOURTEEN,True,174.9064448,-41.2099569,,
Waiwhetu Sports Centre,a0R4a000000QDq2EAG,Hutt,2022-01-17,FIFTEEN_TO_TWENTYEIGHT,True,174.9230552,-41.2252094,,
Wainuiomata Marae VC,a0R4a000000QDt1EAG,Hutt,2021-12-22,ONE_TO_SEVEN,False,174.9446375,-41.2557554,,
at Owhata Pharmacy - next door to Tiaho Medical Centre,a0R4a000000VUBoEAO,Lakes,2021-12-23,ONE_TO_SEVEN,False,176.302375959,-38.129575366,,
Owhata Medical Centre Pharmacy,a0R4a000000YpJdEAK,Lakes,2021-12-22,ONE_TO_SEVEN,False,176.300213713,-38.130636155,,
Unichem Central Pharmacy Rotorua,a0R4a000000UwU1EAK,Lakes,2021-12-22,ONE_TO_SEVEN,False,176.2464368,-38.1354955,,
Unichem the Mall Pharmacy - AstraZeneca,a0R4a000000ZoNyEAK,Lakes,,,False,176.250419,-38.1407502,2021-12-29,EIGHT_TO_FOURTEEN
Unichem the Mall Pharmacy,a0R4a000000UjI2EAK,Lakes,2021-12-22,ONE_TO_SEVEN,False,176.250419,-38.1407502,,
Rotorua COVID-19 Immunisation Hub - Central Mall (next to Noel Leeming),a0R4a000000QGl8EAG,Lakes,2021-12-22,ONE_TO_SEVEN,False,176.247639,-38.141088,,
Rotorua COVID-19 Immunisation Hub - Central Mall - AstraZeneca,a0R4a000000ZoOSEA0,Lakes,,,False,176.247639,-38.141088,2021-12-23,ONE_TO_SEVEN
Taupo COVID-19 Immunisation Hub,a0R4a000000QGk0EAG,Lakes,2021-12-22,ONE_TO_SEVEN,False,176.0869269,-38.6819298,,
Taupo COVID-19 Immunisation Hub - AstraZeneca,a0R4a000000ZoWNEA0,Lakes,,,False,176.0869269,-38.6819298,2021-12-30,EIGHT_TO_FOURTEEN
Mainstreet Pharmacy Taupo,a0R4a000000UM0TEAW,Lakes,2021-12-24,ONE_TO_SEVEN,False,176.069598169,-38.687285426,,
Pihanga Health,a0R4a000000Stp2EAC,Lakes,2021-12-22,ONE_TO_SEVEN,False,175.807981269,-38.987722649,,
Ngāti Kahungunu ki Tāmaki nui-a-Rua (iwi provider),a0R4a000000QeZ7EAK,MidCentral,2021-12-23,ONE_TO_SEVEN,True,176.10259,-40.20771,,
Dannevirke - The Hub,a0R4a000000QaRMEA0,MidCentral,2022-01-13,FIFTEEN_TO_TWENTYEIGHT,False,176.1000191,-40.2094487,,
Dannevirke Community Hospital - AstraZeneca,a0R4a000000ZoQeEAK,MidCentral,,,True,176.09791,-40.2118909,2021-12-31,EIGHT_TO_FOURTEEN
Vogel St Pharmacy,a0R4a000000bAuQEAU,MidCentral,2021-12-22,ONE_TO_SEVEN,False,175.631093283,-40.331500568,,
Palmerston North Hospital (Ed Centre),a0R4a000000TkRlEAK,MidCentral,2021-12-22,ONE_TO_SEVEN,True,175.619463859,-40.338674746,,
WW Clinic on Grey,a0R4a000000SwzEEAS,MidCentral,2021-12-22,ONE_TO_SEVEN,False,175.622208155,-40.347030808,,
Unichem Terrace End Pharmacy,a0R4a000000TZO8EAO,MidCentral,2021-12-22,ONE_TO_SEVEN,False,175.6262994,-40.3477645,,
Unichem Roses Pharmacy,a0R4a000000W1Z1EAK,MidCentral,2021-12-22,ONE_TO_SEVEN,False,175.62306444,-40.349265421,,
City Health Pharmacy,a0R4a000000Sul9EAC,MidCentral,2022-01-14,FIFTEEN_TO_TWENTYEIGHT,False,175.618070438,-40.350172228,,
Unichem The Palms Pharmacy,a0R4a000000WnE1EAK,MidCentral,2022-01-13,FIFTEEN_TO_TWENTYEIGHT,False,175.619373927,-40.355861841,,
Palmerston North Central,a0R4a000000Qa3eEAC,MidCentral,2021-12-22,ONE_TO_SEVEN,False,175.6124109,-40.3582214,,
Palmerston North Central - AstraZeneca,a0R4a000000ZoPaEAK,MidCentral,,,False,175.6124109,-40.3582214,2022-01-05,FIFTEEN_TO_TWENTYEIGHT
Unichem Awapuni Pharmacy,a0R4a000000YdzLEAS,MidCentral,2022-02-10,TWENTYNINE_OR_MORE,False,175.591836669,-40.373177614,,
Pahiatua MidCentral Rooms,a0R4a000000RGTLEA4,MidCentral,2021-12-23,ONE_TO_SEVEN,False,175.84305324,-40.450989913,,
Unichem Levin Pharmacy,a0R4a000000Z4oyEAC,MidCentral,2021-12-22,ONE_TO_SEVEN,False,175.285550811,-40.622393644,,
Horowhenua Events Centre (Near the Showgrounds),a0R4a000000QaNeEAK,MidCentral,2021-12-22,ONE_TO_SEVEN,False,175.2732981,-40.6227804,,
Berrys Health Centre Pharmacy – AstraZeneca,a0R4a000000ZoP1EAK,MidCentral,,,False,175.2869784,-40.632937,2022-01-05,FIFTEEN_TO_TWENTYEIGHT
Berrys Health Centre Pharmacy,a0R4a000000TKtxEAG,MidCentral,2021-12-22,ONE_TO_SEVEN,False,175.286107,-40.633154,,
"Hamish Barham Pharmacy Vaccination Site, Ōtaki",a0R4a000000RewYEAS,MidCentral,2022-01-12,FIFTEEN_TO_TWENTYEIGHT,False,175.1403632,-40.7528191,,
Golden Bay Pharmacy,a0R4a000000SLofEAG,Nelson Marlborough,2021-12-29,EIGHT_TO_FOURTEEN,False,172.805977464,-40.859772511,,
Bay Pharmacy,a0R4a000000SLUfEAO,Nelson Marlborough,2021-12-22,ONE_TO_SEVEN,True,173.011415312,-41.110374159,,
Unichem Motueka Pharmacy,a0R4a000000SLctEAG,Nelson Marlborough,2021-12-22,ONE_TO_SEVEN,True,173.010785615,-41.1112235,,
Life Pharmacy Motueka,a0R4a000000SLiXEAW,Nelson Marlborough,2022-01-10,FIFTEEN_TO_TWENTYEIGHT,False,173.011368309,-41.111720179,,
Mapua Pharmacy,a0R4a000000YH4aEAG,Nelson Marlborough,2021-12-22,ONE_TO_SEVEN,True,173.095833539,-41.252606939,,
Mapua Health Centre,a0R4a000000SLzEEAW,Nelson Marlborough,2022-01-11,FIFTEEN_TO_TWENTYEIGHT,False,173.095898097,-41.253356184,,
Nelson Vaccination Centre,a0R4a000000QSDxEAO,Nelson Marlborough,2021-12-22,ONE_TO_SEVEN,False,173.2816712,-41.2692915,,
Hauora Health Centre,a0R4a000000SLg7EAG,Nelson Marlborough,2021-12-22,ONE_TO_SEVEN,False,173.287167798,-41.273542937,,
Hardy Street Pharmacy,a0R4a000000SKkCEAW,Nelson Marlborough,2021-12-22,ONE_TO_SEVEN,True,173.2823018,-41.2740708,,
Victory Square Pharmacy,a0R4a000000SKr3EAG,Nelson Marlborough,2021-12-22,ONE_TO_SEVEN,True,173.269918826,-41.28049646,,
Tahunanui Pharmacy,a0R4a000000SLnhEAG,Nelson Marlborough,2022-01-10,FIFTEEN_TO_TWENTYEIGHT,False,173.249675,-41.2811536,,
Picton Healthcare Pharmacy,a0R4a000000SLKAEA4,Nelson Marlborough,2021-12-23,ONE_TO_SEVEN,False,174.007151414,-41.28878814,,
Countdown Pharmacy Richmond,a0R4a000000SsHtEAK,Nelson Marlborough,2021-12-22,ONE_TO_SEVEN,True,173.201790085,-41.334248936,,
Richmond Vaccination Centre,a0R4a000000QS2VEAW,Nelson Marlborough,2021-12-22,ONE_TO_SEVEN,False,173.1840126,-41.3389175,,
Richmond Vaccination Centre - AstraZeneca,a0R4a000000ZyEIEA0,Nelson Marlborough,,,False,173.1840126,-41.3389175,2021-12-22,ONE_TO_SEVEN
McGlashen Pharmacy Ltd,a0R4a000000SKzREAW,Nelson Marlborough,2022-01-11,FIFTEEN_TO_TWENTYEIGHT,True,173.184317442,-41.340329799,,
Wakefield Pharmacy,a0R4a000000SLPGEA4,Nelson Marlborough,2022-01-12,FIFTEEN_TO_TWENTYEIGHT,False,173.04246801,-41.405728528,,
Unichem Springlands Pharmacy,a0R4a000000SKulEAG,Nelson Marlborough,2021-12-22,ONE_TO_SEVEN,False,173.93522,-41.50886,,
Blenheim Vaccination Centre - AstraZeneca,a0R4a000000ZyD5EAK,Nelson Marlborough,,,False,173.9532525,-41.5138848,2021-12-23,ONE_TO_SEVEN
Blenheim Vaccination Centre,a0R4a000000QS0UEAW,Nelson Marlborough,2021-12-22,ONE_TO_SEVEN,False,173.9532525,-41.5138848,,
Community Care Pharmacy,a0R4a000000SLEbEAO,Nelson Marlborough,2021-12-22,ONE_TO_SEVEN,True,173.9601564,-41.5148109,,
Wairau Pharmacy,a0R4a000000SKp7EAG,Nelson Marlborough,2021-12-22,ONE_TO_SEVEN,True,173.9571855,-41.5158153,,
John Poswillo Pharmacy Ltd,a0R4a000000SLONEA4,Nelson Marlborough,2021-12-23,ONE_TO_SEVEN,True,173.957654,-41.517059,,
Unichem Redwoodtown Pharmacy,a0R4a000000SLAZEA4,Nelson Marlborough,2021-12-22,ONE_TO_SEVEN,True,173.955938842,-41.529778517,,
Kaitaia Matthews Ave Centre,a0R4a000000QDrAEAW,Northland,2021-12-22,ONE_TO_SEVEN,False,173.2660678,-35.1143854,,
Kaitaia Matthews Ave Centre - AstraZeneca,a0R4a000000ZoUMEA0,Northland,,,False,173.2660678,-35.1143854,2021-12-31,EIGHT_TO_FOURTEEN
Far North Pharmacy,a0R4a000000UOukEAG,Northland,2021-12-22,ONE_TO_SEVEN,False,173.264734,-35.115019,,
Kerikeri 1 Sammaree Place (old Placemakers Building),a0R4a000000QDxXEAW,Northland,2021-12-22,ONE_TO_SEVEN,False,173.950228,-35.2345938,,
Kerikeri 1 Sammaree Place (old Placemakers Building) - AstraZeneca,a0R4a000000ZoTOEA0,Northland,,,False,173.950228,-35.2345938,2021-12-22,ONE_TO_SEVEN
Unichem Buchanans Pharmacy,a0R4a000000THjAEAW,Northland,2021-12-22,ONE_TO_SEVEN,False,174.3218876,-35.6830766,,
Unichem Kamo Pharmacy,a0R4a000000TZBmEAO,Northland,2021-12-22,ONE_TO_SEVEN,False,174.301129124,-35.683126059,,
Kensington Pharmacy,a0R4a000000TLq9EAG,Northland,2021-12-29,EIGHT_TO_FOURTEEN,False,174.3206615,-35.7085154,,
Kensington Pharmacy - AstraZeneca,a0R4a000000beHxEAI,Northland,,,True,174.3205527,-35.7085386,2022-01-07,FIFTEEN_TO_TWENTYEIGHT
Ngati Hine Whangarei,a0R4a000000UYzyEAG,Northland,2021-12-22,ONE_TO_SEVEN,True,174.317296813,-35.727131501,,
Chemist Warehouse Okara Park,a0R4a000000W1eLEAS,Northland,2021-12-22,ONE_TO_SEVEN,False,174.326717761,-35.731759985,,
Whangarei - Semenoff Stadium (Northland Event Centre) Clinic - AstraZeneca,a0R4a000000ZoTYEA0,Northland,,,False,174.3271179,-35.7345945,2022-01-18,FIFTEEN_TO_TWENTYEIGHT
Whangarei - Semenoff Stadium (Northland Event Centre) Clinic,a0R4a000000QE3BEAW,Northland,2021-12-22,ONE_TO_SEVEN,False,174.3271179,-35.7345945,,
The Doctors Tui Vaccination Centre,a0R4a000000XQBkEAO,Northland,2021-12-23,ONE_TO_SEVEN,False,174.2822823,-35.7399701,,
Otaika Pharmacy,a0R4a000000TTn6EAG,Northland,2022-01-05,FIFTEEN_TO_TWENTYEIGHT,False,174.3079002,-35.742941,,
Unichem Onerahi Pharmacy,a0R4a000000THWzEAO,Northland,2021-12-22,ONE_TO_SEVEN,False,174.368121855,-35.754857486,,
Dargaville Normanby Street Centre,a0R4a000000QDS5EAO,Northland,2021-12-22,ONE_TO_SEVEN,False,173.8654634,-35.9424819,,
Dargaville Normanby Centre - AstraZeneca,a0R4a000000ZoVAEA0,Northland,,,True,173.8654634,-35.9424819,2021-12-30,EIGHT_TO_FOURTEEN
Mangawhai Pharmacy,a0R4a000000V7iNEAS,Northland,2021-12-22,ONE_TO_SEVEN,False,174.5852458,-36.0949244,,
Geraldine Pharmacy,a0R4a000000UQLJEA4,South Canterbury,2022-01-11,FIFTEEN_TO_TWENTYEIGHT,False,171.243551599,-44.09115745,,
Temuka Family Practice,a0R4a000000ZjDpEAK,South Canterbury,2021-12-23,ONE_TO_SEVEN,False,171.277217654,-44.241203234,,
Temuka Pharmacy,a0R4a000000U5OJEA0,South Canterbury,2021-12-24,ONE_TO_SEVEN,True,171.27747331,-44.244827164,,
Twizel Medical Centre,a0R4a000000TDDYEA4,South Canterbury,2021-12-30,EIGHT_TO_FOURTEEN,False,170.097794,-44.2608047,,
Ashbury Pharmacy Clinic,a0R4a000000T4E3EAK,South Canterbury,2021-12-22,ONE_TO_SEVEN,True,171.236017935,-44.383213977,,
Unichem Highfield Mall,a0R4a000000UdxkEAC,South Canterbury,2021-12-23,ONE_TO_SEVEN,True,171.225644027,-44.390002477,,
Timaru COVID Vaccine Community Clinic,a0R4a000000Qf41EAC,South Canterbury,2021-12-22,ONE_TO_SEVEN,False,171.2549653,-44.3991098,,
Timaru COVID Vaccine Community Clinic - AstraZeneca,a0R4a000000ZoSpEAK,South Canterbury,,,False,171.2549653,-44.3991098,2021-12-23,ONE_TO_SEVEN
Roberts Pharmacy,a0R4a000000SevuEAC,South Canterbury,2021-12-22,ONE_TO_SEVEN,False,171.251690757,-44.401424604,,
Waimate Medical Centre,a0R4a000000UDfdEAG,South Canterbury,2022-01-12,FIFTEEN_TO_TWENTYEIGHT,False,171.046929132,-44.733196667,,
Oak House Medical Centre,a0R4a000000V2eoEAC,South Canterbury,2022-01-19,TWENTYNINE_OR_MORE,False,171.041956891,-44.737249946,,
Aspiring Medical Centre,a0R4a000000SPVuEAO,Southern,2022-01-06,FIFTEEN_TO_TWENTYEIGHT,False,169.136483,-44.709425,,
Wanaka Medical Centre,a0R4a000000QVM7EAO,Southern,2022-01-08,FIFTEEN_TO_TWENTYEIGHT,False,169.136483,-44.709425,,
Kurow - Kurow Medical Centre,a0R4a000000RPAHEA4,Southern,2021-12-24,ONE_TO_SEVEN,False,170.469121,-44.7332749,,
Queenstown - Wakatipu Medical Centre,a0R4a000000QWQvEAO,Southern,2022-01-13,FIFTEEN_TO_TWENTYEIGHT,True,168.7820368,-45.0020819,,
Antidote Queenstown,a0R4a000000SqVNEA0,Southern,2021-12-22,ONE_TO_SEVEN,False,168.742354747,-45.011735785,,
Five Mile Pharmacy,a0R4a000000SIJoEAO,Southern,2021-12-22,ONE_TO_SEVEN,False,168.742716135,-45.013065362,,
Queenstown - Mountain Lakes Medical Centre,a0R4a000000QWCUEA4,Southern,2022-01-11,FIFTEEN_TO_TWENTYEIGHT,False,168.7433382,-45.0131319,,
Unichem Summerfields Pharmacy,a0R4a000000T7atEAC,Southern,2021-12-30,EIGHT_TO_FOURTEEN,False,168.731508382,-45.015989283,,
Unichem Remarkables Pharmacy,a0R4a000000SqYMEA0,Southern,2021-12-23,ONE_TO_SEVEN,False,168.743590465,-45.027404166,,
Queenstown Medical Centre,a0R4a000000QWVCEA4,Southern,2021-12-24,ONE_TO_SEVEN,False,168.6582011,-45.0299738,,
Queenstown Medical Centre - AstraZeneca,a0R4a000000ZoNjEAK,Southern,,,False,168.6582011,-45.0299738,2021-12-31,EIGHT_TO_FOURTEEN
Queenstown Pharmacy,a0R4a000000T7XLEA0,Southern,2021-12-22,ONE_TO_SEVEN,False,168.65854445,-45.029992482,,
Life Pharmacy Wilkinsons,a0R4a000000T7dTEAS,Southern,2021-12-22,ONE_TO_SEVEN,False,168.66049483,-45.032554879,,
Cromwell Pharmacy,a0R4a000000T7ghEAC,Southern,2022-01-15,FIFTEEN_TO_TWENTYEIGHT,False,169.1965553,-45.0373559,,
Cromwell - Cromwell Medical Centre,a0R4a000000QVgsEAG,Southern,2021-12-22,ONE_TO_SEVEN,False,169.1940886,-45.0378056,,
Cromwell - Cromwell Family Practice,a0R4a000000QVeXEAW,Southern,2021-12-23,ONE_TO_SEVEN,False,169.1946447,-45.0497903,,
Cromwell - Junction Health,a0R4a000000QVj3EAG,Southern,2021-12-29,EIGHT_TO_FOURTEEN,False,169.1877117,-45.0500615,,
Oamaru - Northend Health Centre,a0R4a000000QZHzEAO,Southern,2021-12-23,ONE_TO_SEVEN,False,170.9799679,-45.079997,,
Unichem North End Pharmacy,a0R4a000000U2BFEA0,Southern,2022-01-11,FIFTEEN_TO_TWENTYEIGHT,False,170.982448508,-45.080849953,,
Oamaru - Whitestone Family Practice,a0R4a000000QZNHEA4,Southern,2022-01-24,TWENTYNINE_OR_MORE,True,170.9710898,-45.095746,,
North Otago Pharmacy,a0R4a000000Sqc4EAC,Southern,2022-01-09,FIFTEEN_TO_TWENTYEIGHT,False,170.972270556,-45.095866702,,
North Otago Pharmacy - AstraZeneca,a0R4a000000ZoP6EAK,Southern,,,False,170.972270556,-45.095866702,2021-12-22,ONE_TO_SEVEN
Oamaru - Central Medical,a0R4a000000QZLFEA4,Southern,2021-12-22,ONE_TO_SEVEN,False,170.970676372,-45.096551576,,
Oamaru Pharmacy,a0R4a000000U2CmEAK,Southern,2022-01-10,FIFTEEN_TO_TWENTYEIGHT,False,170.971874901,-45.097068821,,
Oamaru - Oamaru Doctors,a0R4a000000QZMNEA4,Southern,2022-01-11,FIFTEEN_TO_TWENTYEIGHT,True,170.9698733,-45.0977341,,
Oamaru - South Hill Medical,a0R4a000000QZKCEA4,Southern,2022-03-09,TWENTYNINE_OR_MORE,True,170.9628364,-45.1063189,,
Ranfurly - Ranfurly Medical Centre,a0R4a000000RP9sEAG,Southern,2022-02-24,TWENTYNINE_OR_MORE,False,170.1087807,-45.1285287,,
Alexandra - Health Central,a0R4a000000QVV4EAO,Southern,2021-12-22,ONE_TO_SEVEN,False,169.3947916,-45.2530655,,
Unichem Alexandra,a0R4a000000SXaCEAW,Southern,2021-12-23,ONE_TO_SEVEN,False,169.3925623,-45.2556851,,
Alexandra - Alexandra Family Medical,a0R4a000000QVMvEAO,Southern,2021-12-22,ONE_TO_SEVEN,False,169.3917428,-45.2577174,,
Te Anau - Fiordland Medical Practice - AstraZeneca,a0R4a000000ZoOcEAK,Southern,,,True,167.7202524,-45.415806,2022-01-25,TWENTYNINE_OR_MORE
Te Anau - Fiordland Medical Practice,a0R4a000000QVSKEA4,Southern,2021-12-23,ONE_TO_SEVEN,False,167.7202524,-45.415806,,
Roxburgh Medical Centre,a0R4a000000QWQqEAO,Southern,2022-01-05,FIFTEEN_TO_TWENTYEIGHT,True,169.310822015,-45.538432243,,
Port Chalmers Pharmacy,a0R4a000000SXReEAO,Southern,2022-01-08,FIFTEEN_TO_TWENTYEIGHT,False,170.621342123,-45.815738298,,
Gardens Medical Centre,a0R4a000000SwYfEAK,Southern,2021-12-22,ONE_TO_SEVEN,False,170.517863014,-45.854542127,,
Antidote Gardens,a0R4a000000SXZ9EAO,Southern,2021-12-22,ONE_TO_SEVEN,False,170.519243602,-45.854965122,,
Maori Hill Clinic,a0R4a000000STdbEAG,Southern,2022-01-20,TWENTYNINE_OR_MORE,False,170.500797692,-45.857582824,,
Outram Medical Centre,a0R4a000000SUaZEAW,Southern,2022-01-14,FIFTEEN_TO_TWENTYEIGHT,True,170.228887311,-45.860178157,,
Albany Street Pharmacy,a0R4a000000SqhdEAC,Southern,2022-01-10,FIFTEEN_TO_TWENTYEIGHT,False,170.508745493,-45.866072149,,
Roslyn Pharmacy,a0R4a000000SXgUEAW,Southern,2021-12-22,ONE_TO_SEVEN,False,170.4897014,-45.867302992,,
Pitt Street Medical,a0R4a000000Sy8yEAC,Southern,2021-12-22,ONE_TO_SEVEN,False,170.506816183,-45.867595333,,
Unichem Knox Pharmacy,a0R4a000000SITyEAO,Southern,2021-12-22,ONE_TO_SEVEN,False,170.507771623,-45.867666112,,
Dunedin - Meridian Mall Mass Vaccination Centre,a0R4a000000QVmvEAG,Southern,2021-12-22,ONE_TO_SEVEN,False,170.505401483,-45.870233656,,
Dunedin - Meridian Mall Mass Vaccination Centre - AstraZeneca,a0R4a000000ZoE8EAK,Southern,,,False,170.505401483,-45.870233656,2021-12-22,ONE_TO_SEVEN
Antidote Meridian,a0R4a000000SISlEAO,Southern,2021-12-22,ONE_TO_SEVEN,False,170.505842698,-45.870627663,,
Unichem City Centre Pharmacy,a0R4a000000SXPOEA4,Southern,2021-12-22,ONE_TO_SEVEN,False,170.507905417,-45.870925369,,
Life Pharmacy Dunedin,a0R4a000000SqjFEAS,Southern,2022-01-20,TWENTYNINE_OR_MORE,False,170.5050659,-45.8711324,,
Unichem Taieri,a0R4a000000T7VKEA0,Southern,2022-01-17,FIFTEEN_TO_TWENTYEIGHT,False,170.348552265,-45.873782427,,
Unichem Central Pharmacy Mosgiel,a0R4a000000SIHYEA4,Southern,2022-01-13,FIFTEEN_TO_TWENTYEIGHT,False,170.348731457,-45.874840062,,
Anderson's Exchange Pharmacy,a0R4a000000SI5cEAG,Southern,2021-12-22,ONE_TO_SEVEN,False,170.500104,-45.8775195,,
Broadway Medical Centre,a0R4a000000SwVCEA0,Southern,2022-01-10,FIFTEEN_TO_TWENTYEIGHT,True,170.500827657,-45.877968205,,
Mornington Pharmacy,a0R4a000000U2FwEAK,Southern,2021-12-22,ONE_TO_SEVEN,False,170.483121763,-45.881799296,,
Dunedin - Mornington Health Centre,a0R4a000000SbirEAC,Southern,2022-01-13,FIFTEEN_TO_TWENTYEIGHT,True,170.482856342,-45.88189867,,
Mosgiel Health Centre,a0R4a000000SjnHEAS,Southern,2022-01-11,FIFTEEN_TO_TWENTYEIGHT,True,170.347141323,-45.882845357,,
Pacific Trust Otago,a0R4a000000V2y5EAC,Southern,2021-12-25,ONE_TO_SEVEN,True,170.478445542,-45.895216909,,
Aurora Health Centre,a0R4a000000SwTkEAK,Southern,2022-01-18,FIFTEEN_TO_TWENTYEIGHT,False,170.499979342,-45.896400176,,
Antidote Macandrew,a0R4a000000SIRTEA4,Southern,2021-12-22,ONE_TO_SEVEN,False,170.4988459,-45.8968152,,
Dunedin South Medical Centre,a0R4a000000STWWEA4,Southern,2022-01-10,FIFTEEN_TO_TWENTYEIGHT,False,170.501889407,-45.896838906,,
Musselburgh Medical Centre,a0R4a000000SNrxEAG,Southern,2021-12-22,ONE_TO_SEVEN,False,170.515679294,-45.897547237,,
McNaughton's Pharmacy,a0R4a000000SXJBEA4,Southern,2021-12-22,ONE_TO_SEVEN,False,170.50181769,-45.897582703,,
Green Island Boutique Pharmacy,a0R4a000000U2KqEAK,Southern,2022-02-08,TWENTYNINE_OR_MORE,False,170.429987593,-45.901724001,,
Larson's Pharmacy,a0R4a000000SXV2EAO,Southern,2021-12-22,ONE_TO_SEVEN,False,170.428998988,-45.902158319,,
Green Island Medical Centre,a0R4a000000SUXuEAO,Southern,2022-01-18,FIFTEEN_TO_TWENTYEIGHT,False,170.429151742,-45.902746544,,
Te Kāika Caversham Clinic,a0R4a000000QVNUEA4,Southern,2021-12-29,EIGHT_TO_FOURTEEN,False,170.506233591,-45.907102251,,
Tapanui - West Otago Health,a0R4a000000QWPEEA4,Southern,2021-12-22,ONE_TO_SEVEN,False,169.2629683,-45.9373066,,
La Hood's Chemist,a0R4a000000SXNwEAO,Southern,2021-12-22,ONE_TO_SEVEN,False,168.94580004,-46.099883365,,
Quins Gore Pharmacy,a0R4a000000SXX3EAO,Southern,2021-12-22,ONE_TO_SEVEN,False,168.9438734,-46.1013406,,
Gore - Gore Health,a0R4a000000QVVTEA4,Southern,2021-12-23,ONE_TO_SEVEN,False,168.9373196,-46.1030634,,
Gore - Gore Medical Centre,a0R4a000000QVX5EAO,Southern,2021-12-23,ONE_TO_SEVEN,False,168.9365449,-46.1043296,,
Milton - Milton Medical Centre,a0R4a000000QZRDEA4,Southern,2022-01-18,FIFTEEN_TO_TWENTYEIGHT,False,169.9560884,-46.1207345,,
Tuatapere - Tuatapere Medical Ltd,a0R4a000000QZaXEAW,Southern,2021-12-22,ONE_TO_SEVEN,False,167.6898872,-46.1277674,,
Winton - Winton Medical Services,a0R4a000000QZPMEA4,Southern,2022-01-17,FIFTEEN_TO_TWENTYEIGHT,True,168.3255373,-46.134459,,
Winton Pharmacy,a0R4a000000SIQ6EAO,Southern,2021-12-22,ONE_TO_SEVEN,False,168.324783341,-46.141832303,,
Otautau - Otautau Medical Centre,a0R4a000000QZYiEAO,Southern,2022-01-13,FIFTEEN_TO_TWENTYEIGHT,False,167.9965408,-46.1445225,,
Mataura Medical Practice,a0R4a000000QZXQEA4,Southern,2022-01-20,TWENTYNINE_OR_MORE,True,168.866710311,-46.194039025,,
Bates Pharmacy,a0R4a000000SIDWEA4,Southern,2022-01-13,FIFTEEN_TO_TWENTYEIGHT,True,169.7392315,-46.2377617,,
Riverton Medical Centre,a0R4a000000SCqZEAW,Southern,2021-12-23,ONE_TO_SEVEN,True,168.016759631,-46.349108024,,
Waikiwi Pharmacy,a0R4a000000Sqf3EAC,Southern,2021-12-22,ONE_TO_SEVEN,False,168.347624684,-46.377077742,,
Waikiwi Medical Centre,a0R4a000000SNn7EAG,Southern,2021-12-22,ONE_TO_SEVEN,False,168.347874984,-46.37900831,,
Waihopai Health Services,a0R4a000000STnMEAW,Southern,2022-01-24,TWENTYNINE_OR_MORE,False,168.347745984,-46.394917686,,
Windsor Pharmacy,a0R4a000000T7cBEAS,Southern,2021-12-24,ONE_TO_SEVEN,False,168.365454284,-46.395069278,,
Catherine Street Medical Centre,a0R4a000000STpIEAW,Southern,2022-01-13,FIFTEEN_TO_TWENTYEIGHT,False,168.365847156,-46.395671093,,
Glengarry Medical Centre,a0R4a000000TE8LEAW,Southern,2022-01-11,FIFTEEN_TO_TWENTYEIGHT,False,168.385641831,-46.401809338,,
Gaius Health,a0R4a000000WSWzEAO,Southern,2021-12-23,ONE_TO_SEVEN,False,168.348403005,-46.405177538,,
Queens Park Medical Centre,a0R4a000000SNh4EAG,Southern,2022-01-26,TWENTYNINE_OR_MORE,True,168.3530047,-46.4067792,,
Murihiku Medical Services,a0R4a000000STtjEAG,Southern,2021-12-22,ONE_TO_SEVEN,False,168.355055298,-46.410238731,,
Invercargill - Civic Theatre,a0R4a000000QVceEAG,Southern,2021-12-22,ONE_TO_SEVEN,False,168.352028,-46.412778,,
Invercargill - Civic Theatre - AstraZeneca,a0R4a000000ZoFQEA0,Southern,,,False,168.352028,-46.412778,2021-12-22,ONE_TO_SEVEN
Unichem South City Pharmacy,a0R4a000000U2IBEA0,Southern,2021-12-22,ONE_TO_SEVEN,False,168.363632006,-46.426624516,,
South City Medical Centre,a0R4a000000SUCmEAO,Southern,2021-12-22,ONE_TO_SEVEN,False,168.361661882,-46.428161938,,
Owaka - Catlins Medical Centre,a0R4a000000QZSaEAO,Southern,2022-01-10,FIFTEEN_TO_TWENTYEIGHT,True,169.6647757,-46.45032,,
Bluff Medical Centre,a0R4a000000SDU5EAO,Southern,2022-01-18,FIFTEEN_TO_TWENTYEIGHT,False,168.350223941,-46.604170242,,
Sean Shivnan Pharmacy,a0R4a000000UCmGEAW,Tairawhiti,2021-12-22,ONE_TO_SEVEN,True,178.007734727,-38.65535117,,
Horouta Pharmacy,a0R4a000000Uf2wEAC,Tairawhiti,2021-12-22,ONE_TO_SEVEN,True,178.047126073,-38.656272488,,
Gisborne Community Vaccination Centre - AstraZeneca,a0R4a000000ZoCgEAK,Tairawhiti,,,False,178.0226011,-38.6620719,2021-12-22,ONE_TO_SEVEN
Gisborne Community Vaccination Centre,a0R4a000000QNR1EAO,Tairawhiti,2021-12-22,ONE_TO_SEVEN,False,178.0226011,-38.6620719,,
Unichem Bramwells Pharmacy,a0R4a000000Uf5gEAC,Tairawhiti,2022-01-10,FIFTEEN_TO_TWENTYEIGHT,False,178.022744836,-38.664279244,,
Waitara Pharmacy Vaccination Centre,a0R4a000000RnKFEA0,Taranaki,2021-12-22,ONE_TO_SEVEN,False,174.236310265,-39.000123647,,
"Tui Ora, Domett Street, Waitara - Reserve",a0R4a000000QCqgEAG,Taranaki,2021-12-23,ONE_TO_SEVEN,True,174.237048539,-39.000560152,,
Pharmacy @ Bell Block,a0R4a000000UPXsEAO,Taranaki,2021-12-23,ONE_TO_SEVEN,False,174.14959134,-39.02827543,,
Chemist Warehouse - The Valley Mega Centre,a0R4a000000VXrDEAW,Taranaki,2021-12-22,ONE_TO_SEVEN,False,174.11288702,-39.04853064,,
Bargain Chemist,a0R4a000000UOyDEAW,Taranaki,2021-12-24,ONE_TO_SEVEN,True,174.082414967,-39.055966045,,
New Plymouth Hub,a0R4a000000PjSoEAK,Taranaki,2021-12-22,ONE_TO_SEVEN,False,174.0699326,-39.0601981,,
New Plymouth Hub - AstraZeneca,a0R4a000000ZoAkEAK,Taranaki,,,False,174.0699326,-39.0601981,2021-12-22,ONE_TO_SEVEN
Central Medical Centre,a0R4a000000XKDKEA4,Taranaki,2021-12-23,ONE_TO_SEVEN,False,174.069730842,-39.0605956,,
Devon West Pharmacy,a0R4a000000UOrIEAW,Taranaki,2021-12-29,EIGHT_TO_FOURTEEN,False,174.06275636,-39.06133421,,
Vivian Pharmacy,a0R4a000000UPs2EAG,Taranaki,2022-01-16,FIFTEEN_TO_TWENTYEIGHT,True,174.068027871,-39.061600276,,
"Tui Ora, New Plymouth - Reserve",a0R4a000000PiTuEAK,Taranaki,2021-12-22,ONE_TO_SEVEN,False,174.023658568,-39.070677705,,
"Tui Ora, Spotswood",a0R4a000000V8JaEAK,Taranaki,2021-12-22,ONE_TO_SEVEN,False,174.036360932,-39.070750583,,
Unichem Westown Pharmacy,a0R4a000000VX91EAG,Taranaki,2022-01-05,FIFTEEN_TO_TWENTYEIGHT,False,174.062145773,-39.071055732,,
Pharmacy @ Carefirst,a0R4a000000UPwKEAW,Taranaki,2021-12-22,ONE_TO_SEVEN,False,174.059342096,-39.073481862,,
Carefirst Westown - Reserve,a0R4a000000SABZEA4,Taranaki,2022-01-07,FIFTEEN_TO_TWENTYEIGHT,False,174.059318755,-39.073605708,,
"Tui Ora, Marfell Community School Hall",a0R4a000000V8DNEA0,Taranaki,2021-12-22,ONE_TO_SEVEN,False,174.045413473,-39.075601905,,
Stratford Pharmacy,a0R4a000000UPhIEAW,Taranaki,2022-01-15,FIFTEEN_TO_TWENTYEIGHT,False,174.284387229,-39.338807435,,
Mackays Pharmacy,a0R4a000000UPRYEA4,Taranaki,2021-12-22,ONE_TO_SEVEN,False,174.2847319,-39.3402184,,
Avon Medical Centre,a0R4a000000VeDXEA0,Taranaki,2021-12-22,ONE_TO_SEVEN,False,174.285865761,-39.347778142,,
Eltham Pharmacy,a0R4a000000UOywEAG,Taranaki,2021-12-23,ONE_TO_SEVEN,False,174.299664476,-39.431310649,,
Hawera Hub - AstraZeneca,a0R4a000000a3cNEAQ,Taranaki,,,False,174.2738023,-39.5840129,2021-12-22,ONE_TO_SEVEN
Hawera Hub,a0R4a000000PjaAEAS,Taranaki,2021-12-22,ONE_TO_SEVEN,False,174.2738023,-39.5840129,,
Ngati Ruanui Hawera - Reserve,a0R4a000000Pit9EAC,Taranaki,2021-12-22,ONE_TO_SEVEN,False,174.2669326,-39.5860482,,
MountainView Pharmacy,a0R4a000000UPUTEA4,Taranaki,2021-12-23,ONE_TO_SEVEN,False,174.280339367,-39.587103576,,
Ngati Ruanui Patea - Reserve,a0R4a000000QCw6EAG,Taranaki,2021-12-22,ONE_TO_SEVEN,False,174.4709715,-39.7553195,,
Coromandel Family Health Centre,a0R4a000000SOnsEAG,Waikato,2021-12-23,ONE_TO_SEVEN,False,175.497945572,-36.759470463,,
Mercury Bay Medical Centre,a0R4a000000Syg7EAC,Waikato,2021-12-22,ONE_TO_SEVEN,True,175.704764484,-36.834201093,,
Tairua Medical Centre,a0R4a000000Sqd2EAC,Waikato,2021-12-22,ONE_TO_SEVEN,True,175.84866556,-37.000799829,,
Tairua-Pauanui Pharmacy,a0R4a000000TH05EAG,Waikato,2021-12-22,ONE_TO_SEVEN,False,175.848902,-37.0020453,,
Pauanui Medical Centre,a0R4a000000TTYkEAO,Waikato,2021-12-29,EIGHT_TO_FOURTEEN,True,175.860271846,-37.023888052,,
Unichem Thames Pharmacy,a0R4a000000SKrDEAW,Waikato,2021-12-22,ONE_TO_SEVEN,True,175.5422873,-37.1387619,,
Thames Community Vaccination Centre,a0R4a000000Rfp4EAC,Waikato,2021-12-23,ONE_TO_SEVEN,False,175.5394425,-37.1388669,,
Thames Community Vaccination Centre - AstraZeneca,a0R4a000000ZwJpEAK,Waikato,,,False,175.5394425,-37.1388669,2021-12-28,ONE_TO_SEVEN
Whangamata Community Health - Whangamata Medical Centre,a0R4a000000SD5qEAG,Waikato,2021-12-30,EIGHT_TO_FOURTEEN,False,175.871039878,-37.205990164,,
Rahui Pokeka (Huntly) Community Vaccination Centre,a0R4a000000RyESEA0,Waikato,2022-01-13,FIFTEEN_TO_TWENTYEIGHT,False,175.15362649,-37.558619451,,
Morrinsville Vaccination Centre,a0R4a000000SLcUEAW,Waikato,2021-12-22,ONE_TO_SEVEN,False,175.529202929,-37.655885749,,
Unichem Morrinsville Pharmacy,a0R4a000000aYAPEA2,Waikato,2021-12-22,ONE_TO_SEVEN,False,175.52783331,-37.657623865,,
Turangawaewae Marae (Ngāruawāhia) Community Vaccination Centre - AstraZeneca,a0R4a000000ZwR7EAK,Waikato,,,False,175.15363,-37.6627976,2021-12-22,ONE_TO_SEVEN
Turangawaewae Marae (Ngāruawāhia) Community Vaccination Centre,a0R4a000000R8AbEAK,Waikato,2021-12-22,ONE_TO_SEVEN,False,175.15363,-37.6627976,,
Ngaruawahia Pharmacy Covid Vaccination Centre,a0R4a000000avnmEAA,Waikato,2021-12-22,ONE_TO_SEVEN,False,175.148880315,-37.666112257,,
Unichem Rototuna Pharmacy,a0R4a000000SXiZEAW,Waikato,2021-12-22,ONE_TO_SEVEN,False,175.2726779,-37.7293541,,
Unichem Flagstaff Pharmacy,a0R4a000000SG25EAG,Waikato,2021-12-22,ONE_TO_SEVEN,False,175.254245837,-37.737614895,,
Te Whare Hauora o Raungaiti,a0R4a000000SlAoEAK,Waikato,2021-12-22,ONE_TO_SEVEN,True,175.7378734,-37.7387094,,
The Base Te Awa Vaccination Centre,a0R4a000000QV5iEAG,Waikato,2021-12-22,ONE_TO_SEVEN,False,175.232794383,-37.747803098,,
The Base Te Awa Vaccination Centre - AstraZeneca,a0R4a000000ZwHPEA0,Waikato,,,False,175.232794383,-37.747803098,2021-12-22,ONE_TO_SEVEN
Northcare Pukete Pharmacy,a0R4a000000aArCEAU,Waikato,2021-12-22,ONE_TO_SEVEN,False,175.241241198,-37.750503093,,
Northcare Pukete Medical,a0R4a000000TgSfEAK,Waikato,2021-12-23,ONE_TO_SEVEN,True,175.241467291,-37.750609577,,
Vercoe Road Pharmacy,a0R4a000000ZovBEAS,Waikato,2021-12-22,ONE_TO_SEVEN,False,175.260025969,-37.765035902,,
Fairfield Medical Centre,a0R4a000000UWw0EAG,Waikato,2021-12-22,ONE_TO_SEVEN,True,175.282711296,-37.771282518,,
Fairfield Pharmacy,a0R4a000000SFyDEAW,Waikato,2021-12-22,ONE_TO_SEVEN,False,175.282676229,-37.771374123,,
The Settlement Centre Clinic,a0R4a000000a78rEAA,Waikato,2021-12-24,ONE_TO_SEVEN,False,175.288147491,-37.774246916,,
Neville Kane Value Pharmacy,a0R4a000000ZjJAEA0,Waikato,2022-01-19,TWENTYNINE_OR_MORE,False,175.276139431,-37.779359647,,
Avalon Medical Vaccination Centre,a0R4a000000SpqWEAS,Waikato,2021-12-23,ONE_TO_SEVEN,False,175.249401519,-37.779685484,,
West Hamilton Pharmacy,a0R4a000000SkqUEAS,Waikato,2021-12-23,ONE_TO_SEVEN,False,175.2373039,-37.7812079,,
"Raukura Hauora (Nawton, Hamilton) Community Vaccination Centre",a0R4a000000RyGnEAK,Waikato,2021-12-22,ONE_TO_SEVEN,False,175.2373039,-37.7812079,,
Needle Exchange – Waikato Services,a0R4a000000ZaUyEAK,Waikato,2021-12-23,ONE_TO_SEVEN,True,175.27415584,-37.782712216,,
Frankton Pharmacy,a0R4a000000RzYKEA0,Waikato,2021-12-22,ONE_TO_SEVEN,False,175.265256671,-37.787833425,,
Hamilton East Medical Centre,a0R4a000000U5NQEA0,Waikato,2021-12-22,ONE_TO_SEVEN,False,175.292798127,-37.789372221,,
Hamilton East Pharmacy,a0R4a000000a1GIEAY,Waikato,2021-12-22,ONE_TO_SEVEN,False,175.292126397,-37.789556548,,
Anglesea Pharmacy - COVID 19 Vaccination Centre,a0R4a000000SlgmEAC,Waikato,2021-12-22,ONE_TO_SEVEN,False,175.282819584,-37.791991761,,
Unichem Grey Street Pharmacy,a0R4a000000ar5AEAQ,Waikato,2022-02-15,TWENTYNINE_OR_MORE,False,175.293486369,-37.792987419,,
Te Kohao Health,a0R4a000000TrQGEA0,Waikato,2021-12-23,ONE_TO_SEVEN,True,175.3068763,-37.7931111,,
Unichem Dinsdale Pharmacy,a0R4a000000b5jzEAA,Waikato,2021-12-22,ONE_TO_SEVEN,False,175.246716269,-37.795108615,,
Dinsdale Medical Centre,a0R4a000000SGSSEA4,Waikato,2021-12-22,ONE_TO_SEVEN,False,175.2469173,-37.7953389,,
Hamilton Lake Clinic,a0R4a000000SG3wEAG,Waikato,2021-12-22,ONE_TO_SEVEN,True,175.281164857,-37.795893571,,
Westend Health Centre,a0R4a000000aYIEEA2,Waikato,2022-01-19,TWENTYNINE_OR_MORE,False,175.247015998,-37.796371835,,
Hillcrest Medical Centre,a0R4a000000Srq3EAC,Waikato,2021-12-22,ONE_TO_SEVEN,False,175.316513698,-37.798943433,,
Raglan Medical,a0R4a000000UR8SEAW,Waikato,2022-02-09,TWENTYNINE_OR_MORE,False,174.869087989,-37.799061039,,
Raglan Pharmacy,a0R4a000000aqvPEAQ,Waikato,2021-12-22,ONE_TO_SEVEN,False,174.868593583,-37.799680671,,
Pharmacy On Meade,a0R4a000000YBG1EAO,Waikato,2021-12-22,ONE_TO_SEVEN,True,175.283104692,-37.804366778,,
Life Pharmacy Matamata,a0R4a000000aj8AEAQ,Waikato,2021-12-23,ONE_TO_SEVEN,False,175.773293998,-37.810430384,,
Glenview Medical,a0R4a000000SwbtEAC,Waikato,2022-01-11,FIFTEEN_TO_TWENTYEIGHT,False,175.282726483,-37.816676398,,
Tamahere Vaccination Centre,a0R4a000000bVkgEAE,Waikato,2021-12-22,ONE_TO_SEVEN,False,175.353898581,-37.82913228,,
Unichem Family Health Cambridge,a0R4a000000SEWpEAO,Waikato,2021-12-22,ONE_TO_SEVEN,False,175.4538267,-37.8893764,,
Unichem Family Health Cambridge - Walk-In,a0R4a000000YSR4EAO,Waikato,2021-12-22,ONE_TO_SEVEN,False,175.4538267,-37.8893764,,
Cambridge Medical Centre,a0R4a000000ST9IEAW,Waikato,2022-01-12,FIFTEEN_TO_TWENTYEIGHT,False,175.465829174,-37.893648534,,
Sanders Pharmacy,a0R4a000000SWkVEAW,Waikato,2022-01-07,FIFTEEN_TO_TWENTYEIGHT,False,175.34056178,-38.008370945,,
Te Awamutu Vaccination Centre,a0R4a000000TCrtEAG,Waikato,2021-12-22,ONE_TO_SEVEN,False,175.328793778,-38.008884981,,
Unichem Marshalls Pharmacy,a0R4a000000SG2AEAW,Waikato,2021-12-22,ONE_TO_SEVEN,False,175.3218404,-38.0103943,,
Maniapoto Whanau Ora Centre Mobile (Otorohanga),a0R4a000000UltPEAS,Waikato,2021-12-22,ONE_TO_SEVEN,True,175.210668996,-38.183494279,,
Tokoroa Whare Rongoā Āraimate Community Vaccination Centre,a0R4a000000Tq8jEAC,Waikato,2021-12-28,ONE_TO_SEVEN,False,175.87255184,-38.217780061,,
Tokoroa Whare Rongoā Āraimate Community Vaccination Centre - AstraZeneca,a0R4a000000ZwQYEA0,Waikato,,,False,175.87255184,-38.217780061,2022-01-04,EIGHT_TO_FOURTEEN
Tokoroa Whare Rongoā Āraimate SWPICS DRIVE-THROUGH Community Vaccination Centre,a0R4a000000V3cxEAC,Waikato,2022-01-08,FIFTEEN_TO_TWENTYEIGHT,False,175.8725004,-38.2276491,,
Maniapoto Whānau Ora Centre (Te Kuiti) - AstraZeneca,a0R4a000000ZwMZEA0,Waikato,,,True,175.1636243,-38.3319233,2022-01-10,FIFTEEN_TO_TWENTYEIGHT
Maniapoto Whānau Ora Centre (Te Kuiti),a0R4a000000RKVaEAO,Waikato,2022-01-10,FIFTEEN_TO_TWENTYEIGHT,False,175.1636243,-38.3319233,,
Unichem Te Kuiti Pharmacy,a0R4a000000ZjTxEAK,Waikato,2021-12-23,ONE_TO_SEVEN,False,175.1647598,-38.333291428,,
Te Kuiti Medical Centre,a0R4a000000SGReEAO,Waikato,2021-12-22,ONE_TO_SEVEN,True,175.151763,-38.334277,,
Taumarunui Community Kokiri Trust,a0R4a000000RKWsEAO,Waikato,2021-12-22,ONE_TO_SEVEN,False,175.2635308,-38.8831905,,
Unichem Taumarunui Pharmacy,a0R4a000000a2eAEAQ,Waikato,2022-01-05,FIFTEEN_TO_TWENTYEIGHT,False,175.263625069,-38.883196007,,
Masterton Vaccination Centre,a0R4a000000Pd7IEAS,Wairarapa,2021-12-22,ONE_TO_SEVEN,False,175.6624774,-40.9483496,,
Carterton Pharmacy,a0R4a000000b7ahEAA,Wairarapa,2021-12-22,ONE_TO_SEVEN,False,175.525849827,-41.026347999,,
Featherston Vaccination Centre,a0R4a000000Pd8QEAS,Wairarapa,2021-12-22,ONE_TO_SEVEN,True,175.323618449,-41.116131664,,
Wellsford Vaccination Centre,a0R4a000000QCrPEAW,Waitemata,2021-12-22,ONE_TO_SEVEN,False,174.5131599,-36.2837311,,
Wellsford Vaccination Centre - AstraZeneca,a0R4a000000aCSdEAM,Waitemata,,,False,174.5131599,-36.2837311,2021-12-22,ONE_TO_SEVEN
Franklins Pharmacy,a0R4a000000Tg1uEAC,Waitemata,2021-12-22,ONE_TO_SEVEN,False,174.6639895,-36.3974526,,
Kowhai Surgery,a0R4a000000VTClEAO,Waitemata,2021-12-23,ONE_TO_SEVEN,False,174.665928,-36.399162,,
Kawau Bay Health - Warkworth,a0R4a000000TayxEAC,Waitemata,2021-12-22,ONE_TO_SEVEN,False,174.6662498,-36.3997409,,
Kawau Bay Health – Snells Beach Medical Centre,a0R4a000000Tb46EAC,Waitemata,2021-12-22,ONE_TO_SEVEN,False,174.727682718,-36.424361135,,
Unichem Snells Beach Pharmacy,a0R4a000000XQTFEA4,Waitemata,2021-12-23,ONE_TO_SEVEN,False,174.727601369,-36.424398462,,
Life Pharmacy Orewa,a0R4a000000Tg7gEAC,Waitemata,2021-12-22,ONE_TO_SEVEN,False,174.695026565,-36.587804214,,
Orewa Medical Centre,a0R4a000000Syu4EAC,Waitemata,2021-12-24,ONE_TO_SEVEN,False,174.6952277,-36.5878405,,
Orewa Vaccination Centre,a0R4a000000UjYtEAK,Waitemata,2021-12-22,ONE_TO_SEVEN,False,174.693762626,-36.592362731,,
Orewa Vaccination Centre - AstraZeneca,a0R4a000000Zo6YEAS,Waitemata,,,True,174.6937519,-36.5924532,2022-01-14,FIFTEEN_TO_TWENTYEIGHT
Weiti Creek Medical,a0R4a000000U7jPEAS,Waitemata,2021-12-22,ONE_TO_SEVEN,True,174.670711925,-36.619868847,,
Unichem Weiti Pharmacy,a0R4a000000VkLwEAK,Waitemata,2021-12-26,ONE_TO_SEVEN,False,174.670887229,-36.620060972,,
Unichem Stanmore Bay Pharmacy,a0R4a000000W3JVEA0,Waitemata,2021-12-22,ONE_TO_SEVEN,False,174.7314728,-36.6283161,,
Unichem Manly Pharmacy,a0R4a000000U2KbEAK,Waitemata,2021-12-22,ONE_TO_SEVEN,False,174.76343974,-36.631124681,,
Whangaparaoa Family Pharmacy,a0R4a000000VleXEAS,Waitemata,2022-01-10,FIFTEEN_TO_TWENTYEIGHT,False,174.7397605,-36.6347224,,
Life Pharmacy Whangaparaoa,a0R4a000000WnS5EAK,Waitemata,2022-01-10,FIFTEEN_TO_TWENTYEIGHT,False,174.7470144,-36.6371087,,
Unichem Helensville Pharmacy,a0R4a000000U2HwEAK,Waitemata,2021-12-22,ONE_TO_SEVEN,False,174.450445642,-36.676864807,,
Bays Health Pharmacy,a0R4a000000VSRpEAO,Waitemata,2021-12-22,ONE_TO_SEVEN,False,174.746211985,-36.714321903,,
Unichem Browns Bay,a0R4a000000TgB0EAK,Waitemata,2021-12-22,ONE_TO_SEVEN,False,174.7479827,-36.714647,,
Unichem Browns Bay - AstraZeneca,a0R4a000000aHSCEA2,Waitemata,,,False,174.7479827,-36.714647,2021-12-26,ONE_TO_SEVEN
Life Pharmacy Albany,a0R4a000000XlXUEA0,Waitemata,2021-12-22,ONE_TO_SEVEN,False,174.7098268,-36.728907393,,
Unichem Albany Mega Pharmacy “Mobile Team One”,a0R4a000000XEd2EAG,Waitemata,2021-12-22,ONE_TO_SEVEN,False,174.704469096,-36.729171629,,
Unichem Albany Mega Centre Pharmacy,a0R4a000000Tq93EAC,Waitemata,2021-12-22,ONE_TO_SEVEN,False,174.704576385,-36.730186287,,
Windsor Medical Centre,a0R4a000000Te8wEAC,Waitemata,2021-12-23,ONE_TO_SEVEN,False,174.714558323,-36.732857091,,
Unichem Apollo Pharmacy,a0R4a000000VvU2EAK,Waitemata,2021-12-22,ONE_TO_SEVEN,False,174.728421065,-36.734658996,,
Albany Vaccination Centre,a0R4a000000QCwwEAG,Waitemata,2021-12-22,ONE_TO_SEVEN,False,174.6938513,-36.7368197,,
Albany Vaccination Centre - AstraZeneca,a0R4a000000b5woEAA,Waitemata,,,True,174.6938513,-36.7368197,2022-01-12,FIFTEEN_TO_TWENTYEIGHT
Healthzone Medical (AUT Millennium),a0R4a000000VSbGEAW,Waitemata,2021-12-22,ONE_TO_SEVEN,False,174.7331282,-36.7421613,,
Unichem Rosedale Pharmacy,a0R4a000000USDSEA4,Waitemata,2021-12-22,ONE_TO_SEVEN,False,174.6964331,-36.7429014,,
Sunset Road Family Doctors,a0R4a000000W1SYEA0,Waitemata,2021-12-22,ONE_TO_SEVEN,False,174.739736436,-36.747215515,,
Northcare Accident and Medical,a0R4a000000VvgGEAS,Waitemata,2021-12-22,ONE_TO_SEVEN,False,174.728561421,-36.749047513,,
Unichem Sunnynook Pharmacy,a0R4a000000U2CDEA0,Waitemata,2021-12-22,ONE_TO_SEVEN,True,174.7396118,-36.7595745,,
Forrest Hill Family Pharmacy,a0R4a000000XfMfEAK,Waitemata,2021-12-22,ONE_TO_SEVEN,False,174.746948406,-36.760144968,,
Waimauku Pharmacy - Silver Fern,a0R4a000000UU8REAW,Waitemata,2021-12-23,ONE_TO_SEVEN,False,174.4944546,-36.7676372,,
Unichem Huapai Pharmacy,a0R4a000000VqoNEAS,Waitemata,2021-12-24,ONE_TO_SEVEN,False,174.5456301,-36.772451936,,
Unichem Milford Pharmacy,a0R4a000000VT4rEAG,Waitemata,2021-12-22,ONE_TO_SEVEN,False,174.765247876,-36.772611743,,
Greenhithe Unichem Pharmacy,a0R4a000000VSMOEA4,Waitemata,2021-12-23,ONE_TO_SEVEN,False,174.669881,-36.775665,,
Allens Village Pharmacy,a0R4a000000WmzaEAC,Waitemata,2021-12-22,ONE_TO_SEVEN,False,174.555867641,-36.775676637,,
Glenfield White Cross,a0R4a000000Y0UsEAK,Waitemata,2021-12-22,ONE_TO_SEVEN,False,174.72080668,-36.780909561,,
Glenfield 7-day Pharmacy,a0R4a000000YaOfEAK,Waitemata,2021-12-22,ONE_TO_SEVEN,False,174.7216166,-36.7812061,,
Shorecare Pharmacy,a0R4a000000V642EAC,Waitemata,2022-01-09,FIFTEEN_TO_TWENTYEIGHT,False,174.7512985,-36.7843238,,
Life Pharmacy Takapuna,a0R4a000000VAsiEAG,Waitemata,2021-12-22,ONE_TO_SEVEN,False,174.7699988,-36.7878715,,
Unichem Sunnybrae Pharmacy,a0R4a000000WWzeEAG,Waitemata,2021-12-23,ONE_TO_SEVEN,False,174.745114483,-36.789265453,,
Takapuna Pharmacy,a0R4a000000ZvgYEAS,Waitemata,2022-01-10,FIFTEEN_TO_TWENTYEIGHT,False,174.772522512,-36.789885052,,
The Doctors Fred Thomas Health - AstraZeneca,a0R4a000000a7ejEAA,Waitemata,,,False,174.7636164,-36.7912159,2021-12-23,ONE_TO_SEVEN
Hobsonville Point Pharmacy,a0R4a000000V0yuEAC,Waitemata,2022-01-08,FIFTEEN_TO_TWENTYEIGHT,False,174.660817962,-36.792681074,,
Hobsonville Point Medical Centre,a0R4a000000ZbMUEA0,Waitemata,2021-12-22,ONE_TO_SEVEN,True,174.6608468,-36.7928268,,
Hauraki Corner Pharmacy,a0R4a000000VumdEAC,Waitemata,2021-12-22,ONE_TO_SEVEN,False,174.778506543,-36.797199544,,
Unichem Hobsonville Pharmacy,a0R4a000000TsUhEAK,Waitemata,2021-12-22,ONE_TO_SEVEN,False,174.649409422,-36.797595361,,
All Care Family Medical Centre - Northcote,a0R4a000000Y32IEAS,Waitemata,2021-12-22,ONE_TO_SEVEN,True,174.7464214,-36.8009072,,
Northcote Family Pharmacy,a0R4a000000XmrkEAC,Waitemata,2021-12-23,ONE_TO_SEVEN,False,174.7459975,-36.801232045,,
Northcote Unichem Pharmacy,a0R4a000000VSEuEAO,Waitemata,2021-12-22,ONE_TO_SEVEN,False,174.745599469,-36.801573485,,
VECA Medical Health Centre,a0R4a000000YQabEAG,Waitemata,2021-12-23,ONE_TO_SEVEN,False,174.727209598,-36.809807465,,
Life Pharmacy Birkenhead,a0R4a000000VunMEAS,Waitemata,2021-12-22,ONE_TO_SEVEN,False,174.724987018,-36.812040378,,
Life Pharmacy NorthWest,a0R4a000000VSvpEAG,Waitemata,2021-12-22,ONE_TO_SEVEN,False,174.6094733,-36.8184968,,
Westgate Pharmacy,a0R4a000000Uy72EAC,Waitemata,2021-12-23,ONE_TO_SEVEN,False,174.614243011,-36.820521863,,
Westgate Medical Centre,a0R4a000000TL5tEAG,Waitemata,2021-12-22,ONE_TO_SEVEN,True,174.6144265,-36.8206267,,
Pacific Westgate,a0R4a000000Q4taEAC,Waitemata,2021-12-22,ONE_TO_SEVEN,False,174.6109805,-36.823454,,
Pacific Westgate - AstraZeneca,a0R4a000000ZoAfEAK,Waitemata,,,False,174.6109805,-36.823454,2022-01-10,FIFTEEN_TO_TWENTYEIGHT
Devonport 7 Day Pharmacy,a0R4a000000W19CEAS,Waitemata,2021-12-22,ONE_TO_SEVEN,False,174.7960947,-36.8298147,,
Royal Heights Pharmacy,a0R4a000000VAraEAG,Waitemata,2021-12-22,ONE_TO_SEVEN,False,174.622970353,-36.832751797,,
Massey Unichem Pharmacy,a0R4a000000TrBDEA0,Waitemata,2021-12-22,ONE_TO_SEVEN,False,174.602689573,-36.834632825,,
Unichem Peninsula Pharmacy,a0R4a000000VkBwEAK,Waitemata,2021-12-22,ONE_TO_SEVEN,False,174.651569727,-36.842191452,,
Peninsula Medical Centre,a0R4a000000WDHqEAO,Waitemata,2021-12-22,ONE_TO_SEVEN,False,174.6510915,-36.8547906,,
Lincoln Mall Pharmacy,a0R4a000000Vus2EAC,Waitemata,2021-12-22,ONE_TO_SEVEN,False,174.628835564,-36.856492005,,
Life Pharmacy Eastridge,a0R4a000000Tqm3EAC,Waitemata,2021-12-22,ONE_TO_SEVEN,False,174.829857288,-36.860114261,,
All Seasons Pharmacy Unichem - AstraZeneca,a0R4a000000aHI2EAM,Waitemata,,,False,174.6482405,-36.8629792,2021-12-22,ONE_TO_SEVEN
All Seasons Pharmacy Unichem,a0R4a000000Sz8YEAS,Waitemata,2021-12-22,ONE_TO_SEVEN,False,174.6482405,-36.8629792,,
Local Doctors Ranui,a0R4a000000YhIvEAK,Waitemata,2021-12-22,ONE_TO_SEVEN,False,174.6027478,-36.8637042,,
Unichem Medi-Centre Pharmacy,a0R4a000000TbM7EAK,Waitemata,2021-12-22,ONE_TO_SEVEN,False,174.6300656,-36.8645339,,
Chemist Plus,a0R4a000000XQ5DEAW,Waitemata,2021-12-29,EIGHT_TO_FOURTEEN,False,174.775593969,-36.867222955,,
Ratanui Medical Centre,a0R4a000000ZdqFEAS,Waitemata,2021-12-22,ONE_TO_SEVEN,False,174.6289858,-36.8689044,,
Unichem Ratanui Pharmacy,a0R4a000000arlkEAA,Waitemata,2021-12-22,ONE_TO_SEVEN,False,174.6289858,-36.8689044,,
Life Pharmacy Meadowbank,a0R4a000000V12hEAC,Waitemata,2021-12-22,ONE_TO_SEVEN,False,174.828069992,-36.87551532,,
Waitakere i-Medical Centre,a0R4a000000YYdoEAG,Waitemata,2022-01-10,FIFTEEN_TO_TWENTYEIGHT,False,174.632843198,-36.880671835,,
Unichem Waiora Pharmacy,a0R4a000000XujgEAC,Waitemata,2021-12-22,ONE_TO_SEVEN,False,174.632742291,-36.882007901,,
Local Doctors Wai Health ,a0R4a000000VrpwEAC,Waitemata,2021-12-22,ONE_TO_SEVEN,False,174.628481912,-36.882982072,,
Henderson Vaccination Centre,a0R4a000000Q4rfEAC,Waitemata,2022-01-24,TWENTYNINE_OR_MORE,False,174.6331328,-36.8833807,,
Local Doctors Glendene ,a0R4a000000VrTCEA0,Waitemata,2022-01-10,FIFTEEN_TO_TWENTYEIGHT,False,174.644563463,-36.886938641,,
The Doctors New Lynn (Delta Ave),a0R4a000000UeDkEAK,Waitemata,2021-12-22,ONE_TO_SEVEN,True,174.6841599,-36.904925,,
Unichem Lynnmall Pharmacy,a0R4a000000UZ2JEAW,Waitemata,2021-12-22,ONE_TO_SEVEN,False,174.6856652,-36.907610388,,
Lynnmall Pharmacy Mobile Vaccination Site,a0R4a000000WeHLEA0,Waitemata,2021-12-22,ONE_TO_SEVEN,True,174.6859924,-36.9076512,,
Lynnmall Pharmacy,a0R4a000000VSWLEA4,Waitemata,2021-12-22,ONE_TO_SEVEN,False,174.6852085,-36.9078599,,
Health New Lynn 7 day Pharmacy,a0R4a000000XlTcEAK,Waitemata,2021-12-22,ONE_TO_SEVEN,False,174.6840304,-36.9087636,,
Health New Lynn,a0R4a000000QD8JEAW,Waitemata,2021-12-22,ONE_TO_SEVEN,False,174.681713,-36.9088169,,
Health New Lynn - AstraZeneca,a0R4a000000a76SEAQ,Waitemata,,,False,174.681713,-36.9088169,2021-12-22,ONE_TO_SEVEN
Glen Eden Pharmacy,a0R4a000000VuotEAC,Waitemata,2021-12-22,ONE_TO_SEVEN,False,174.651669254,-36.909512329,,
New Lynn West Pharmacy,a0R4a000000TamuEAC,Waitemata,2021-12-22,ONE_TO_SEVEN,False,174.6712403,-36.9144985,,
Unichem Onehunga Mainstreet Pharmacy,a0R4a000000TqJDEA0,Waitemata,2021-12-22,ONE_TO_SEVEN,False,174.785800624,-36.921685097,,
Golf Road Pharmacy,a0R4a000000TqCbEAK,Waitemata,2021-12-22,ONE_TO_SEVEN,False,174.670239584,-36.926306927,,
The Doctors Ti Rakau,a0R4a000000QD7LEAW,Waitemata,2021-12-22,ONE_TO_SEVEN,False,174.8979122,-36.9264724,,
Titirangi Village Pharmacy,a0R4a000000WO0EEAW,Waitemata,2021-12-22,ONE_TO_SEVEN,False,174.6566027,-36.9379098,,
Unichem Leabank Pharmacy,a0R4a000000UZQfEAO,Waitemata,2021-12-22,ONE_TO_SEVEN,False,174.88757194,-37.027792093,,
Unichem Leabank Pharmacy - AstraZeneca,a0R4a000000aHMiEAM,Waitemata,,,False,174.88757194,-37.027792093,2021-12-22,ONE_TO_SEVEN
Westport Vaccination Centre,a0R4a000000QwauEAC,West Coast,2021-12-22,ONE_TO_SEVEN,False,171.6059512,-41.7545797,,
Reefton Vaccination Centre 1 - Community Hall,a0R4a000000VHTNEA4,West Coast,2022-01-13,FIFTEEN_TO_TWENTYEIGHT,False,171.865488266,-42.118662286,,
Te Nikau - Greymouth Vaccination Centre - AstraZeneca,a0R4a000000Zo6TEAS,West Coast,,,False,171.1936222,-42.4623225,2021-12-23,ONE_TO_SEVEN
Te Nikau - Greymouth Vaccination Centre,a0R4a000000QwdeEAC,West Coast,2021-12-22,ONE_TO_SEVEN,False,171.1936222,-42.4623225,,
Hokitika Vaccination Centre 1,a0R4a000000Tm4OEAS,West Coast,2022-01-07,FIFTEEN_TO_TWENTYEIGHT,False,170.963440563,-42.718255122,,
Raetihi Clinic,a0R4a000000S8KjEAK,Whanganui,2022-01-12,FIFTEEN_TO_TWENTYEIGHT,True,175.280856458,-39.427415505,,
Living Waters,a0R4a000000RLVqEAO,Whanganui,2021-12-22,ONE_TO_SEVEN,False,174.9946656,-39.9297108,,
Central City Pharmacy,a0R4a000000V289EAC,Whanganui,2021-12-22,ONE_TO_SEVEN,False,175.0486727,-39.93243,,
Te Rito,a0R4a000000QsKBEA0,Whanganui,,,False,175.0533969,-39.9334897,2021-12-22,ONE_TO_SEVEN
Bulls community centre,a0R4a000000QsKkEAK,Whanganui,2021-12-28,ONE_TO_SEVEN,False,175.3845002,-40.171881,,
